plan_id,cluster_id,asset,cluster_decision,lane_opportunity,lane_bias,lane_side,lane_status,lane_priority_score,conflict_role,support_state,lane_action,resolution_action,resolution_score,source_lanes,cluster_score,evidence,required_record,next_step
split-first-hype-hype-volume-price-dislocation,hype_paper_long,HYPE,paper_long,hype_volume_price_dislocation,long,long,paper_repeat_cost_adjusted_probe,118.00000000,dominant_lane,paper_execution_gated,label_this_lane_separately,keep_for_lane_repeat,338.53902801,"promoted_repeat, symbol_lane_paper, symbol_lane_promoted_repeat",1005.39028009,"HYPE: name=Hyperliquid, rank=10, vol_mcap=0.05520152, price24h=6.84905547, price7d=-15.79949581, price30d=41.30665586; label=labeled_12h_pending_24h, dir1h=0.01957757, dir4h=0.04969039, source=hyperliquid; exec=paper_execution_probe, net4h_bps=486.07022700, spread_bps=1.69344100, depth_usage_250=0.00058295; paper_action=wait_for_checkpoint, outcome=pending, paper_bps=; fill_risk=cost_adjusted_paper_probe, net_after_cost_bps=514.02103278, spread_bps=0.15462762, depth_usage=0.00260762","lane-only entry, fill assumption, funding, spread/depth, stop, adverse excursion, 15m/1h mark",open one HYPE long lane-repeat for hype_volume_price_dislocation with explicit fill and stop notes
split-first-sol-sol-volume-price-dislocation,sol_paper_long,SOL,paper_long,sol_volume_price_dislocation,long,long,paper_repeat_cost_adjusted_probe,109.82364725,dominant_lane,paper_execution_gated,label_this_lane_separately,keep_for_lane_repeat,324.57668093,"promoted_repeat, second_promoted_repeat, symbol_lane_paper, symbol_lane_promoted_repeat",947.53033678,"SOL: name=Solana, rank=7, vol_mcap=0.08171328, price24h=3.86570735, price7d=-17.97339276, price30d=-28.98597124; label=labeled_12h_pending_24h, dir1h=0.00104408, dir4h=0.00641579, source=hyperliquid; exec=paper_execution_probe, net4h_bps=55.36224757, spread_bps=0.29565243, depth_usage_250=0.00095461; paper_action=promote_to_fill_and_risk_check, outcome=paper_mark_win, paper_bps=76.26670694; fill_risk=cost_adjusted_paper_probe, net_after_cost_bps=68.23647250, spread_bps=0.14990144, depth_usage=0.00087337","lane-only entry, fill assumption, funding, spread/depth, stop, adverse excursion, 15m/1h mark",open one SOL long lane-repeat for sol_volume_price_dislocation with explicit fill and stop notes
split-first-sol-sol-1971905-event-crypto-hedge,sol_paper_long,SOL,paper_long,sol_1971905_event_crypto_hedge,long,long,event_crypto_hedge_after_refresh_candidate,100.53006857,dominant_lane,unlabeled,label_this_lane_separately,label_before_lane_repeat,245.28310225,"promoted_repeat, second_promoted_repeat, symbol_lane_paper, symbol_lane_promoted_repeat",947.53033678,"SOL: event_market=1971905, action=paper_long, bias=risk_relief, gap=0.335000, edge_after_ask=0.330000, depth_5c=214008.090000, question=Strait of Hormuz traffic returns to normal by end of June?","lane-only forward label, source timestamp, duplicate-source check, cost and depth context",label SOL/sol_1971905_event_crypto_hedge alone before any repeat
split-first-hype-hype-maker-or-low-fee-small-execution-edge,hype_paper_long,HYPE,paper_long,hype_maker_or_low_fee_small_execution_edge,long,long,execution_low_fee_comparison_candidate,86.50000000,dominant_lane,unlabeled,label_this_lane_separately,label_before_lane_repeat,237.03902801,"promoted_repeat, symbol_lane_paper, symbol_lane_promoted_repeat",1005.39028009,"HYPE: mode=maker_or_low_fee_small, action=compare_taker_vs_low_fee, size=250, current_net_bps=514.02103278, mode_net_bps=520.09834659, spread_bps=0.15462762, depth_usage=0.00260762, source=current_paper_ticket_fill_risk_check.csv","lane-only forward label, source timestamp, duplicate-source check, cost and depth context",label HYPE/hype_maker_or_low_fee_small_execution_edge alone before any repeat
split-first-eth-eth-volume-price-dislocation,eth_paper_long,ETH,paper_long,eth_volume_price_dislocation,long,long,paper_repeat_cost_adjusted_probe,112.68521152,direction_conflict_lane,paper_execution_gated,label_this_lane_separately,use_as_conflict_control,236.66335467,"promoted_repeat, symbol_lane_paper, symbol_lane_promoted_repeat",789.78143152,"ETH: name=Ethereum, rank=2, vol_mcap=0.08098977, price24h=4.27965276, price7d=-15.19850104, price30d=-27.46213770; label=labeled_12h_pending_24h, dir1h=0.00363203, dir4h=0.00458470, source=hyperliquid; exec=paper_execution_probe, net4h_bps=35.58535110, spread_bps=1.76164890, depth_usage_250=0.00011234; paper_action=promote_to_fill_and_risk_check, outcome=paper_mark_win, paper_bps=106.12783307; fill_risk=cost_adjusted_paper_probe, net_after_cost_bps=96.85211515, spread_bps=1.18666192, depth_usage=0.00002368",negative-control label and reason this lane must not be merged into the cluster action,use ETH/eth_volume_price_dislocation as a conflict-control lane
split-first-hype-hype-taker-small-execution-edge,hype_paper_long,HYPE,paper_long,hype_taker_small_execution_edge,long,long,execution_taker_repeat_candidate,84.50000000,dominant_lane,unlabeled,label_this_lane_separately,label_before_lane_repeat,235.03902801,"promoted_repeat, symbol_lane_paper, symbol_lane_promoted_repeat",1005.39028009,"HYPE: mode=taker_small, action=repeat_taker_probe, size=250, current_net_bps=514.02103278, mode_net_bps=514.02103278, spread_bps=0.15462762, depth_usage=0.00260762, source=current_paper_ticket_fill_risk_check.csv","lane-only forward label, source timestamp, duplicate-source check, cost and depth context",label HYPE/hype_taker_small_execution_edge alone before any repeat
split-first-hype-hype-event-pressure-cluster,hype_paper_long,HYPE,paper_long,hype_event_pressure_cluster,long,long,two_source_event_pressure,81.95337378,dominant_lane,unlabeled,label_this_lane_separately,label_before_lane_repeat,232.49240179,"promoted_repeat, symbol_lane_paper, symbol_lane_promoted_repeat",1005.39028009,"HYPE: sources=attention_market, attention_price, events=2, newest_age_h=0.000000, top=attention_price_lag_candidate: rank=1; price_1h=0.19; price_24h=10.36; price_7d=-10.45; price_30d=48.27; volume_to_mcap=0.0617 || attention_funding_watch: rank=1, change=10.03822924","lane-only forward label, source timestamp, duplicate-source check, cost and depth context",label HYPE/hype_event_pressure_cluster alone before any repeat
split-first-hype-hype-attention-price-context,hype_paper_long,HYPE,paper_long,hype_attention_price_context,long,long,attention_price_lag_candidate,72.35337378,dominant_lane,unlabeled,label_this_lane_separately,label_before_lane_repeat,222.89240179,"promoted_repeat, symbol_lane_paper, symbol_lane_promoted_repeat",1005.39028009,"HYPE: name=Hyperliquid, rank=1, price24h=10.35547027, price7d=-10.44790161, price30d=48.26597086, vol_mcap=0.06171672","lane-only forward label, source timestamp, duplicate-source check, cost and depth context",label HYPE/hype_attention_price_context alone before any repeat
split-first-sol-solana-stablecoin-migration,sol_paper_long,SOL,paper_long,solana_stablecoin_migration,long,long,paper_chain_stablecoin_inflow_watch,82.02985522,dominant_lane,pending_label,label_this_lane_separately,label_before_lane_repeat,221.78288890,"promoted_repeat, second_promoted_repeat, symbol_lane_paper, symbol_lane_promoted_repeat",947.53033678,"Solana/SOL: supply=13099796300.64, day_change=454833106.44, week_change=930837276.44, week_pct=0.07649276, top_asset=USDC; label=pending_4h, dir1h=, dir4h=, dir12h=","lane-only forward label, source timestamp, duplicate-source check, cost and depth context",label SOL/solana_stablecoin_migration alone before any repeat
split-first-zec-public-hypertracker-example-zec-wallet-flow-actionability,zec_paper_long,ZEC,paper_long,public_hypertracker_example_zec_wallet_flow_actionability,long,long,wallet_position_follow_candidate,91.34085064,dominant_lane,unlabeled,label_this_lane_separately,label_before_lane_repeat,217.61509065,"promoted_repeat, symbol_lane_paper, symbol_lane_promoted_repeat",762.74240011,"ZEC: wallet=public_hypertracker_example, source_coin=ZEC, fills=40, net_buy_usd=49.58980000, net_pnl_after_fees=443.76364400, position_notional=585.36720000, mark=442.700000000000","lane-only forward label, source timestamp, duplicate-source check, cost and depth context",label ZEC/public_hypertracker_example_zec_wallet_flow_actionability alone before any repeat
split-first-sol-sol-attention-price-context,sol_paper_long,SOL,paper_long,sol_attention_price_context,long,long,attention_price_lag_candidate,71.79989143,dominant_lane,unlabeled,label_this_lane_separately,label_before_lane_repeat,216.55292511,"promoted_repeat, second_promoted_repeat, symbol_lane_paper, symbol_lane_promoted_repeat",947.53033678,"SOL: name=Solana, rank=7, price24h=4.00738704, price7d=-15.62374907, price30d=-27.86692055, vol_mcap=0.08735556","lane-only forward label, source timestamp, duplicate-source check, cost and depth context",label SOL/sol_attention_price_context alone before any repeat
split-first-zec-zec-privacy-sector-rotation-context,zec_paper_long,ZEC,paper_long,zec_privacy_sector_rotation_context,long,long,sector_perp_repeat_candidate,87.96872170,dominant_lane,unlabeled,label_this_lane_separately,label_before_lane_repeat,214.24296171,"promoted_repeat, symbol_lane_paper, symbol_lane_promoted_repeat",762.74240011,"ZEC: category=Privacy, category_action=sector_momentum_watch, change24=26.10040868, dir15=0.00024864, funding_support=1.02205333, hl_liquidity=343403144.86800009, okx_liquidity=805682392.59729993","lane-only forward label, source timestamp, duplicate-source check, cost and depth context",label ZEC/zec_privacy_sector_rotation_context alone before any repeat
split-first-zec-zec-quantum-resistant-sector-rotation-context,zec_paper_long,ZEC,paper_long,zec_quantum_resistant_sector_rotation_context,long,long,sector_perp_repeat_candidate,86.54981710,dominant_lane,unlabeled,label_this_lane_separately,label_before_lane_repeat,212.82405711,"promoted_repeat, symbol_lane_paper, symbol_lane_promoted_repeat",762.74240011,"ZEC: category=Quantum-Resistant, category_action=sector_momentum_watch, change24=19.00588556, dir15=0.00024864, funding_support=1.02205333, hl_liquidity=343403144.86800009, okx_liquidity=805682392.59729993","lane-only forward label, source timestamp, duplicate-source check, cost and depth context",label ZEC/zec_quantum_resistant_sector_rotation_context alone before any repeat
split-first-zec-zec-zero-knowledge-zk-sector-rotation-context,zec_paper_long,ZEC,paper_long,zec_zero_knowledge_zk_sector_rotation_context,long,long,sector_perp_repeat_candidate,85.80397040,dominant_lane,unlabeled,label_this_lane_separately,label_before_lane_repeat,212.07821041,"promoted_repeat, symbol_lane_paper, symbol_lane_promoted_repeat",762.74240011,"ZEC: category=Zero Knowledge (ZK), category_action=sector_momentum_watch, change24=15.27665202, dir15=0.00024864, funding_support=1.02205333, hl_liquidity=343403144.86800009, okx_liquidity=805682392.59729993","lane-only forward label, source timestamp, duplicate-source check, cost and depth context",label ZEC/zec_zero_knowledge_zk_sector_rotation_context alone before any repeat
split-first-zec-zec-privacy-coins-sector-rotation-context,zec_paper_long,ZEC,paper_long,zec_privacy_coins_sector_rotation_context,long,long,sector_perp_repeat_candidate,85.61270960,dominant_lane,unlabeled,label_this_lane_separately,label_before_lane_repeat,211.88694961,"promoted_repeat, symbol_lane_paper, symbol_lane_promoted_repeat",762.74240011,"ZEC: category=Privacy Coins, category_action=sector_momentum_watch, change24=14.32034791, dir15=0.00024864, funding_support=1.02205333, hl_liquidity=343403144.86800009, okx_liquidity=805682392.59729993","lane-only forward label, source timestamp, duplicate-source check, cost and depth context",label ZEC/zec_privacy_coins_sector_rotation_context alone before any repeat
split-first-zec-zec-event-pressure-cluster,zec_paper_long,ZEC,paper_long,zec_event_pressure_cluster,long,long,two_source_event_pressure,82.15975395,dominant_lane,unlabeled,label_this_lane_separately,label_before_lane_repeat,208.43399396,"promoted_repeat, symbol_lane_paper, symbol_lane_promoted_repeat",762.74240011,"ZEC: sources=attention_price, rss:decrypt, events=3, newest_age_h=0.000000, top=attention_price_lag_candidate: rank=2; price_1h=1.79; price_24h=1.55; price_7d=-17.49; price_30d=-25.35; volume_to_mcap=0.1211 || institutional_flow: Winklevoss-Backed Zcash Treasury Plunges Nearly 40% on ZEC Privacy Bug Concerns || narrative_event: AI Is Helping Discover Tech Vulnerabilities—And Zcash Is Just the Latest Example","lane-only forward label, source timestamp, duplicate-source check, cost and depth context",label ZEC/zec_event_pressure_cluster alone before any repeat
split-first-sol-sol-1962237-event-crypto-hedge,sol_paper_long,SOL,paper_long,sol_1962237_event_crypto_hedge,long,long,event_crypto_hedge_watch,63.31206503,dominant_lane,unlabeled,label_this_lane_separately,label_before_lane_repeat,208.06509871,"promoted_repeat, second_promoted_repeat, symbol_lane_paper, symbol_lane_promoted_repeat",947.53033678,"SOL: event_market=1962237, action=paper_long, bias=risk_relief, gap=0.085000, edge_after_ask=0.080000, depth_5c=81670.040000, question=US x Iran permanent peace deal by June 30, 2026?","lane-only forward label, source timestamp, duplicate-source check, cost and depth context",label SOL/sol_1962237_event_crypto_hedge alone before any repeat
split-first-sol-sol-event-pressure-cluster,sol_paper_long,SOL,paper_long,sol_event_pressure_cluster,neutral,,two_source_event_pressure,81.39989143,direction_conflict_lane,unlabeled,label_this_lane_separately,separate_non_directional_lane,201.15292511,"promoted_repeat, second_promoted_repeat, symbol_lane_paper, symbol_lane_promoted_repeat",947.53033678,"SOL: sources=attention_price, exchange_catalyst, events=2, newest_age_h=0.000000, top=attention_price_lag_candidate: rank=7; price_1h=1.07; price_24h=4.01; price_7d=-15.62; price_30d=-27.87; volume_to_mcap=0.0874 || exchange_removal_watch: Binance Alpha Will Remove REX, XO, TANSSI, DARKSTAR, YALA, RCADE, RDAC, SKATE, OVL, SLAY, Ghibli (SOL), Ghibli (BSC), PHY, VLR, SVSA, WBAI, EDGEN, FAIR3, MM, BUBB, AICELL, XLAB, SIGHT (2026-04-30)","relative-value or neutral mechanics, hedge leg, unwind path, costs, margin, and mark source","model SOL/sol_event_pressure_cluster as a separate non-directional setup, not as a cluster repeat"
split-first-zec-zec-attention-price-context,zec_paper_long,ZEC,paper_long,zec_attention_price_context,long,long,attention_price_lag_candidate,72.40975395,dominant_lane,unlabeled,label_this_lane_separately,label_before_lane_repeat,198.68399396,"promoted_repeat, symbol_lane_paper, symbol_lane_promoted_repeat",762.74240011,"ZEC: name=Zcash, rank=2, price24h=1.55399868, price7d=-17.48774114, price30d=-25.34698347, vol_mcap=0.12111599","lane-only forward label, source timestamp, duplicate-source check, cost and depth context",label ZEC/zec_attention_price_context alone before any repeat
split-first-hype-hype-crowded-momentum-continuation-actionability,hype_paper_long,HYPE,paper_long,hype_crowded_momentum_continuation_actionability,long,long,dislocation_repeat_needs_execution_check,52.23127427,dominant_lane,pending_label,label_this_lane_separately,label_before_lane_repeat,197.77030228,"promoted_repeat, symbol_lane_paper, symbol_lane_promoted_repeat",1005.39028009,"HYPE: source=paper_crowded_momentum_continuation_candidate, monitor_obs=8, current15=pending_15m 0.00000000, current1h=pending_1h 0.00000000, gate=, cons_net1h=0.00000000, history=repeat_paper_probe_priority, hist_win1h=2, hist_mean1h=78.76456095","lane-only forward label, source timestamp, duplicate-source check, cost and depth context",label HYPE/hype_crowded_momentum_continuation_actionability alone before any repeat
split-first-hype-hype-attention-funding-overlap,hype_paper_long,HYPE,paper_long,hype_attention_funding_overlap,neutral,,paper_attention_funding_watch,66.25566549,direction_conflict_lane,unlabeled,label_this_lane_separately,separate_non_directional_lane,191.79469350,"promoted_repeat, symbol_lane_paper, symbol_lane_promoted_repeat",1005.39028009,"HYPE/Hyperliquid: attention_rank=1, attention_change=10.03822924, funding=0.28021050, impact_spread=0.000114119162","relative-value or neutral mechanics, hedge leg, unwind path, costs, margin, and mark source","model HYPE/hype_attention_funding_overlap as a separate non-directional setup, not as a cluster repeat"
split-first-eth-eth-1971905-event-crypto-hedge,eth_paper_long,ETH,paper_long,eth_1971905_event_crypto_hedge,long,long,event_crypto_hedge_after_refresh_candidate,102.03608228,direction_conflict_lane,unlabeled,label_this_lane_separately,use_as_conflict_control,191.01422543,"promoted_repeat, symbol_lane_paper, symbol_lane_promoted_repeat",789.78143152,"ETH: event_market=1971905, action=paper_long, bias=risk_relief, gap=0.335000, edge_after_ask=0.330000, depth_5c=214008.090000, question=Strait of Hormuz traffic returns to normal by end of June?",negative-control label and reason this lane must not be merged into the cluster action,use ETH/eth_1971905_event_crypto_hedge as a conflict-control lane
split-first-sol-solana-worldcup-sol-dex-pool,sol_paper_long,SOL,paper_long,solana_worldcup_sol_dex_pool,neutral,,paper_dex_pool_momentum_watch,68.20621953,direction_conflict_lane,unlabeled,label_this_lane_separately,separate_non_directional_lane,187.95925321,"promoted_repeat, second_promoted_repeat, symbol_lane_paper, symbol_lane_promoted_repeat",947.53033678,"solana/pumpswap WORLDCUP / SOL: reserve=352176.24030000, vol1h=105324.96438267, vol_reserve=0.29906891, chg1h=7.20000000, chg24h=51.15700000","relative-value or neutral mechanics, hedge leg, unwind path, costs, margin, and mark source","model SOL/solana_worldcup_sol_dex_pool as a separate non-directional setup, not as a cluster repeat"
split-first-sol-solana-bountywork-sol-dex-pool,sol_paper_long,SOL,paper_long,solana_bountywork_sol_dex_pool,neutral,,paper_dex_reversal_risk_watch,67.90281455,direction_conflict_lane,unlabeled,label_this_lane_separately,separate_non_directional_lane,187.65584823,"promoted_repeat, second_promoted_repeat, symbol_lane_paper, symbol_lane_promoted_repeat",947.53033678,"solana/pumpswap Bountywork / SOL: reserve=113153.05520000, vol1h=149342.72921304, vol_reserve=1.31982940, chg1h=2.89200000, chg24h=117.67000000","relative-value or neutral mechanics, hedge leg, unwind path, costs, margin, and mark source","model SOL/solana_bountywork_sol_dex_pool as a separate non-directional setup, not as a cluster repeat"
split-first-sol-okx-sol-chain-flow-context,sol_paper_long,SOL,paper_long,okx_sol_chain_flow_context,neutral,,paper_chain_flow_watch,66.62818980,direction_conflict_lane,unlabeled,label_this_lane_separately,separate_non_directional_lane,186.38122348,"promoted_repeat, second_promoted_repeat, symbol_lane_paper, symbol_lane_promoted_repeat",947.53033678,"OKX/SOL: observations=4, hit15=0.50000000, mean_dir15=0.00046158, funding_support=0.38344944","relative-value or neutral mechanics, hedge leg, unwind path, costs, margin, and mark source","model SOL/okx_sol_chain_flow_context as a separate non-directional setup, not as a cluster repeat"
split-first-hype-public-hypertracker-example-hype-wallet-flow-actionability,hype_paper_long,HYPE,paper_long,public_hypertracker_example_hype_wallet_flow_actionability,short,short,wallet_flow_watch,62.29367853,direction_conflict_lane,unlabeled,label_this_lane_separately,isolate_opposite_lane,182.83270654,"promoted_repeat, symbol_lane_paper, symbol_lane_promoted_repeat",1005.39028009,"HYPE: wallet=public_hypertracker_example, source_coin=HYPE, fills=33, net_buy_usd=-128.54098000, net_pnl_after_fees=123.16488700, position_notional=0.00000000, mark=64.840000000000","opposite-lane source quality, causal timestamp, failure reason for cluster direction, separate label",keep HYPE/public_hypertracker_example_hype_wallet_flow_actionability outside the cluster repeat and use it as an opposite-direction control
split-first-eth-public-hypertracker-example-eth-wallet-flow-actionability,eth_paper_long,ETH,paper_long,public_hypertracker_example_eth_wallet_flow_actionability,long,long,wallet_position_follow_candidate,92.90791736,direction_conflict_lane,unlabeled,label_this_lane_separately,use_as_conflict_control,181.88606051,"promoted_repeat, symbol_lane_paper, symbol_lane_promoted_repeat",789.78143152,"ETH: wallet=public_hypertracker_example, source_coin=ETH, fills=79, net_buy_usd=6903.68625000, net_pnl_after_fees=414.57586100, position_notional=4748.34714000, mark=1697.300000000000",negative-control label and reason this lane must not be merged into the cluster action,use ETH/public_hypertracker_example_eth_wallet_flow_actionability as a conflict-control lane
split-first-eth-eth-public-treasury-flow,eth_paper_long,ETH,paper_long,eth_public_treasury_flow,neutral,,public_treasury_concentration_watch,77.57890000,direction_conflict_lane,unlabeled,label_this_lane_separately,separate_non_directional_lane,181.55704315,"promoted_repeat, symbol_lane_paper, symbol_lane_promoted_repeat",789.78143152,"ETH: dominance=6.26000000, total_holdings=7555329.90587600, top=BitMine Immersion/BMNR.US, top_supply_pct=4.59400000, funding=0.10950000, oi_notional=1169973223.85","relative-value or neutral mechanics, hedge leg, unwind path, costs, margin, and mark source","model ETH/eth_public_treasury_flow as a separate non-directional setup, not as a cluster repeat"
split-first-eth-crypto-equity-proxy-lead-short,eth_paper_long,ETH,paper_long,crypto_equity_proxy_lead_short,short,short,paper_short_candidate,80.56427340,direction_conflict_lane,unlabeled,label_this_lane_separately,isolate_opposite_lane,179.54241655,"promoted_repeat, symbol_lane_paper, symbol_lane_promoted_repeat",789.78143152,crypto-linked equities underperform BTC while BTC has not repriced much,"opposite-lane source quality, causal timestamp, failure reason for cluster direction, separate label",keep ETH/crypto_equity_proxy_lead_short outside the cluster repeat and use it as an opposite-direction control
split-first-eth-exchange-beta-lead,eth_paper_long,ETH,paper_long,exchange_beta_lead,short,short,paper_short_candidate,80.38878100,direction_conflict_lane,unlabeled,label_this_lane_separately,isolate_opposite_lane,179.36692415,"promoted_repeat, symbol_lane_paper, symbol_lane_promoted_repeat",789.78143152,COIN/HOOD underperform BTC while BTC has not repriced much,"opposite-lane source quality, causal timestamp, failure reason for cluster direction, separate label",keep ETH/exchange_beta_lead outside the cluster repeat and use it as an opposite-direction control
split-first-eth-eth-12jun26-basis,eth_paper_long,ETH,paper_long,eth-12jun26_basis,relative_value,,paper_long_basis_watch,75.08298945,dominant_lane,unlabeled,label_this_lane_separately,separate_non_directional_lane,179.06113260,"promoted_repeat, symbol_lane_paper, symbol_lane_promoted_repeat",789.78143152,"ETH-12JUN26: ann_basis=-0.05168861, basis=-0.00052402, dte=3.7004, volume_usd=4435836.00000000, spread=0.00029455","relative-value or neutral mechanics, hedge leg, unwind path, costs, margin, and mark source","model ETH/eth-12jun26_basis as a separate non-directional setup, not as a cluster repeat"
split-first-eth-eth-treasury-proxy-lead,eth_paper_long,ETH,paper_long,eth_treasury_proxy_lead,neutral,,eth_treasury_proxy_watch,73.79686590,direction_conflict_lane,unlabeled,label_this_lane_separately,separate_non_directional_lane,177.77500905,"promoted_repeat, symbol_lane_paper, symbol_lane_promoted_repeat",789.78143152,ETH treasury equities are a current institutional demand proxy; strongest=BTBT vs_eth_5d=-0.1039,"relative-value or neutral mechanics, hedge leg, unwind path, costs, margin, and mark source","model ETH/eth_treasury_proxy_lead as a separate non-directional setup, not as a cluster repeat"
split-first-hype-hype-protocol-fee-growth,hype_paper_long,HYPE,paper_long,hype_protocol_fee_growth,short,short,paper_long_context,61.93260178,direction_conflict_lane,mechanics_unvalidated,label_this_lane_separately,isolate_opposite_lane,177.47162979,"promoted_repeat, symbol_lane_paper, symbol_lane_promoted_repeat",1005.39028009,"HYPE/Hyperliquid Perps: fees7d=28154279.00000000, fees30d=72198318.00000000, growth7d=111.41000000, funding=0.03093882; fee_growth_7d=111.41; funding=0.0309; perp_pressure=short_carry_premium_watch; unlock=paper_short_candidate/short","opposite-lane source quality, causal timestamp, failure reason for cluster direction, separate label",keep HYPE/hype_protocol_fee_growth outside the cluster repeat and use it as an opposite-direction control
split-first-sol-public-live-bot-example-sol-wallet-flow-actionability,sol_paper_long,SOL,paper_long,public_live_bot_example_sol_wallet_flow_actionability,short,short,wallet_flow_watch,62.48319175,direction_conflict_lane,unlabeled,label_this_lane_separately,isolate_opposite_lane,177.23622543,"promoted_repeat, second_promoted_repeat, symbol_lane_paper, symbol_lane_promoted_repeat",947.53033678,"SOL: wallet=public_live_bot_example, source_coin=SOL, fills=194, net_buy_usd=-4.68633000, net_pnl_after_fees=2.54462400, position_notional=0.00000000, mark=67.495000000000","opposite-lane source quality, causal timestamp, failure reason for cluster direction, separate label",keep SOL/public_live_bot_example_sol_wallet_flow_actionability outside the cluster repeat and use it as an opposite-direction control
split-first-eth-eth-26mar27-basis,eth_paper_long,ETH,paper_long,eth-26mar27_basis,relative_value,,paper_short_basis_watch,73.23075053,dominant_lane,unlabeled,label_this_lane_separately,separate_non_directional_lane,177.20889368,"promoted_repeat, symbol_lane_paper, symbol_lane_promoted_repeat",789.78143152,"ETH-26MAR27: ann_basis=0.03329783, basis=0.02651970, dte=290.7004, volume_usd=4153077.00000000, spread=0.00014340","relative-value or neutral mechanics, hedge leg, unwind path, costs, margin, and mark source","model ETH/eth-26mar27_basis as a separate non-directional setup, not as a cluster repeat"
split-first-zec-zec-oi-unwind-watch,zec_paper_long,ZEC,paper_long,zec_oi_unwind_watch,neutral,,paper_oi_unwind_watch,74.09111112,direction_conflict_lane,unlabeled,label_this_lane_separately,separate_non_directional_lane,175.36535113,"promoted_repeat, symbol_lane_paper, symbol_lane_promoted_repeat",762.74240011,"ZEC: obs=17, oi_change=-0.01677105, ret24=0.18264728, funding=-0.34577209, oi_vol=0.42561027, impact=0.000375546857, reason=OI notional is falling into an up move; test short-cover exhaustion versus cleaner continuation","relative-value or neutral mechanics, hedge leg, unwind path, costs, margin, and mark source","model ZEC/zec_oi_unwind_watch as a separate non-directional setup, not as a cluster repeat"
split-first-eth-eth-perp-variational-omni-positioning,eth_paper_long,ETH,paper_long,eth-perp_variational_omni_positioning,short,short,paper_oi_funding_crowding_watch,72.61112139,direction_conflict_lane,unlabeled,label_this_lane_separately,isolate_opposite_lane,171.58926454,"promoted_repeat, symbol_lane_paper, symbol_lane_promoted_repeat",789.78143152,"Variational Omni ETH-PERP: oi=143939277.59999999, vol24=81508423.75797845, oi_vol=1.76594358, funding=-0.14570000, basis=0.09489064","opposite-lane source quality, causal timestamp, failure reason for cluster direction, separate label",keep ETH/eth-perp_variational_omni_positioning outside the cluster repeat and use it as an opposite-direction control
split-first-hype-hype-unlock-actionability,hype_paper_long,HYPE,paper_long,hype_unlock_actionability,short,short,unlock_event_label_pending,56.00983962,direction_conflict_lane,pending_label,label_this_lane_separately,isolate_opposite_lane,171.54886763,"promoted_repeat, symbol_lane_paper, symbol_lane_promoted_repeat",1005.39028009,"HYPE: ticket=paper_short_candidate 32.69651590, days_until=27, unlock_value=594900000.00, supply=4.5000%, funding=0.10950000, volume=881357290.96877921, impact=0.000129841022, market_action=large_unlock_watch","opposite-lane source quality, causal timestamp, failure reason for cluster direction, separate label",keep HYPE/hype_unlock_actionability outside the cluster repeat and use it as an opposite-direction control
split-first-sol-sol-protocol-fee-actionability,sol_paper_long,SOL,paper_long,sol_protocol_fee_actionability,short,short,protocol_fee_pending_forward_label,61.14283856,direction_conflict_lane,pending_label,label_this_lane_separately,isolate_opposite_lane,170.89587224,"promoted_repeat, second_promoted_repeat, symbol_lane_paper, symbol_lane_promoted_repeat",947.53033678,"SOL/Solana: thesis=fee_decay_price_weakness_context 10.70963900, fee_to_mcap=0.00802380, growth7d=-8.33000000, price7d=-15.59631699, exec=, labels=4, labeled4h=0, wins4h=0, mean4h=0.00000000, latest_label=pending_4h","opposite-lane source quality, causal timestamp, failure reason for cluster direction, separate label",keep SOL/sol_protocol_fee_actionability outside the cluster repeat and use it as an opposite-direction control
split-first-eth-okx-eth-chain-flow-context,eth_paper_long,ETH,paper_long,okx_eth_chain_flow_context,neutral,,paper_chain_flow_watch,66.85329490,direction_conflict_lane,unlabeled,label_this_lane_separately,separate_non_directional_lane,170.83143805,"promoted_repeat, symbol_lane_paper, symbol_lane_promoted_repeat",789.78143152,"OKX/ETH: observations=4, hit15=1.00000000, mean_dir15=0.00140417, funding_support=0.15684211","relative-value or neutral mechanics, hedge leg, unwind path, costs, margin, and mark source","model ETH/okx_eth_chain_flow_context as a separate non-directional setup, not as a cluster repeat"
split-first-eth-ethereum-stablecoin-migration,eth_paper_long,ETH,paper_long,ethereum_stablecoin_migration,neutral,,chain_stablecoin_flow_reversal_watch,71.34035136,direction_conflict_lane,pending_label,label_this_lane_separately,separate_non_directional_lane,170.31849451,"promoted_repeat, symbol_lane_paper, symbol_lane_promoted_repeat",789.78143152,"Ethereum/ETH: supply=147257248777.50, day_change=-133182923.30, week_change=-2549343868.46, week_pct=-0.01701757, top_asset=USDT; label=pending_4h, dir1h=, dir4h=, dir12h=","relative-value or neutral mechanics, hedge leg, unwind path, costs, margin, and mark source","model ETH/ethereum_stablecoin_migration as a separate non-directional setup, not as a cluster repeat"
split-first-eth-eth-chain-flow-context,eth_paper_long,ETH,paper_long,eth_chain_flow_context,neutral,,paper_chain_flow_watch,66.08834470,direction_conflict_lane,unlabeled,label_this_lane_separately,separate_non_directional_lane,170.06648785,"promoted_repeat, symbol_lane_paper, symbol_lane_promoted_repeat",789.78143152,"ETH: observations=4, hit15=1.00000000, mean_dir15=0.00134586, funding_support=0.10553348","relative-value or neutral mechanics, hedge leg, unwind path, costs, margin, and mark source","model ETH/eth_chain_flow_context as a separate non-directional setup, not as a cluster repeat"
split-first-zec-zec-perp-whitebit-futures-positioning,zec_paper_long,ZEC,paper_long,zec_perp_whitebit_futures_positioning,short,short,paper_oi_funding_crowding_watch,73.12045099,direction_conflict_lane,unlabeled,label_this_lane_separately,isolate_opposite_lane,169.39469100,"promoted_repeat, symbol_lane_paper, symbol_lane_promoted_repeat",762.74240011,"WhiteBIT Futures ZEC_PERP: oi=60624892.16000000, vol24=14788228.53169752, oi_vol=4.09953714, funding=-0.21166400, basis=0.30162834","opposite-lane source quality, causal timestamp, failure reason for cluster direction, separate label",keep ZEC/zec_perp_whitebit_futures_positioning outside the cluster repeat and use it as an opposite-direction control
split-first-eth-eth-l2-imbalance-probe,eth_paper_long,ETH,paper_long,eth_l2_imbalance_probe,neutral,,l2_imbalance_15m_only_probe,69.67839229,direction_conflict_lane,paper_15m_supported,label_this_lane_separately,separate_non_directional_lane,168.65653544,"promoted_repeat, symbol_lane_paper, symbol_lane_promoted_repeat",789.78143152,"ETH: size=100.00, net15=61.78392287bps, net1h=-27.79847713bps, imbalance_10bps=0.13780812, depth_usage=0.00001000","relative-value or neutral mechanics, hedge leg, unwind path, costs, margin, and mark source","model ETH/eth_l2_imbalance_probe as a separate non-directional setup, not as a cluster repeat"
split-first-zec-zec-institutional-flow-news-event-quality-gate,zec_paper_long,ZEC,paper_long,zec_institutional_flow_news_event_quality_gate,long,long,repeat_single_source_label,40.97827681,dominant_lane,unlabeled,label_this_lane_separately,label_before_lane_repeat,167.25251682,"promoted_repeat, symbol_lane_paper, symbol_lane_promoted_repeat",762.74240011,"ZEC: kind=institutional_flow, side=paper_long_news_event, sources=1, labels=1, support=1, reject=0, mean1h=749.15979224, mean4h=226.09227009, title=Winklevoss-Backed Zcash Treasury Plunges Nearly 40% on ZEC Privacy Bug Concerns","lane-only forward label, source timestamp, duplicate-source check, cost and depth context",label ZEC/zec_institutional_flow_news_event_quality_gate alone before any repeat
split-first-zec-zec-narrative-event-news-event-quality-gate,zec_paper_long,ZEC,paper_long,zec_narrative_event_news_event_quality_gate,long,long,repeat_single_source_label,40.92857143,dominant_lane,unlabeled,label_this_lane_separately,label_before_lane_repeat,167.20281144,"promoted_repeat, symbol_lane_paper, symbol_lane_promoted_repeat",762.74240011,"ZEC: kind=narrative_event, side=paper_long_news_event, sources=1, labels=1, support=1, reject=0, mean1h=85.71428571, mean4h=632.85714286, title=AI Is Helping Discover Tech Vulnerabilities—And Zcash Is Just the Latest Example","lane-only forward label, source timestamp, duplicate-source check, cost and depth context",label ZEC/zec_narrative_event_news_event_quality_gate alone before any repeat
split-first-eth-eth-2296152-event-crypto-hedge,eth_paper_long,ETH,paper_long,eth_2296152_event_crypto_hedge,short,short,event_crypto_hedge_watch,64.12560212,direction_conflict_lane,unlabeled,label_this_lane_separately,isolate_opposite_lane,163.10374527,"promoted_repeat, symbol_lane_paper, symbol_lane_promoted_repeat",789.78143152,"ETH: event_market=2296152, action=paper_short, bias=risk_escalation, gap=0.100000, edge_after_ask=0.090000, depth_5c=9837.130000, question=Israel closes its airspace by June 15?","opposite-lane source quality, causal timestamp, failure reason for cluster direction, separate label",keep ETH/eth_2296152_event_crypto_hedge outside the cluster repeat and use it as an opposite-direction control
split-first-eth-public-hypertracker-example-hyna-eth-wallet-flow-actionability,eth_paper_long,ETH,paper_long,public_hypertracker_example_hyna_eth_wallet_flow_actionability,short,short,wallet_flow_watch,63.58517416,direction_conflict_lane,unlabeled,label_this_lane_separately,isolate_opposite_lane,162.56331731,"promoted_repeat, symbol_lane_paper, symbol_lane_promoted_repeat",789.78143152,"ETH: wallet=public_hypertracker_example, source_coin=hyna:ETH, fills=40, net_buy_usd=-385.04173000, net_pnl_after_fees=369.33399700, position_notional=0.00000000, mark=1697.300000000000","opposite-lane source quality, causal timestamp, failure reason for cluster direction, separate label",keep ETH/public_hypertracker_example_hyna_eth_wallet_flow_actionability outside the cluster repeat and use it as an opposite-direction control
split-first-zec-zec-protocol-activity-context,zec_paper_long,ZEC,paper_long,zec_protocol_activity_context,neutral,,paper_protocol_activity_watch,59.56100412,direction_conflict_lane,unlabeled,label_this_lane_separately,separate_non_directional_lane,160.83524413,"promoted_repeat, symbol_lane_paper, symbol_lane_promoted_repeat",762.74240011,"ZEC/Zcash: commits4w=143, telegram=0, funding=-0.24933150, spread=0.000107547532","relative-value or neutral mechanics, hedge leg, unwind path, costs, margin, and mark source","model ZEC/zec_protocol_activity_context as a separate non-directional setup, not as a cluster repeat"
split-first-btc-btc-1971905-event-crypto-hedge,btc_paper_long,BTC,paper_long,btc_1971905_event_crypto_hedge,long,long,event_crypto_hedge_after_refresh_candidate,103.04009142,direction_conflict_lane,unlabeled,label_this_lane_separately,use_as_conflict_control,156.26392796,"promoted_repeat, symbol_lane_paper, symbol_lane_promoted_repeat",432.23836540,"BTC: event_market=1971905, action=paper_long, bias=risk_relief, gap=0.335000, edge_after_ask=0.330000, depth_5c=214008.090000, question=Strait of Hormuz traffic returns to normal by end of June?",negative-control label and reason this lane must not be merged into the cluster action,use BTC/btc_1971905_event_crypto_hedge as a conflict-control lane
split-first-eth-eth-20260619-short-dated-delta-hedge-check,eth_paper_long,ETH,paper_long,eth_20260619_short_dated_delta_hedge_check,short,short,quote_only_hedge_watch,62.09263045,direction_conflict_lane,mechanics_unvalidated,label_this_lane_separately,isolate_opposite_lane,156.07077360,"promoted_repeat, symbol_lane_paper, symbol_lane_promoted_repeat",789.78143152,"ETH 2026-06-19: hedge=short_dated_delta_hedge_check, interval=4h_or_large_delta_move, iv_premium_24h=-50.5872, max_loss_pct=8.550000, premium_to_rv=0.445808, spread=0.029674, depth=9736.42","opposite-lane source quality, causal timestamp, failure reason for cluster direction, separate label",keep ETH/eth_20260619_short_dated_delta_hedge_check outside the cluster repeat and use it as an opposite-direction control
split-first-eth-eth-event-pressure-cluster,eth_paper_long,ETH,paper_long,eth_event_pressure_cluster,long,long,repeated_event_context,65.66061140,direction_conflict_lane,unlabeled,label_this_lane_separately,use_as_conflict_control,154.63875455,"promoted_repeat, symbol_lane_paper, symbol_lane_promoted_repeat",789.78143152,"ETH: sources=rss:decrypt, events=2, newest_age_h=3.595924, top=stablecoin_event: Reform UK's Farage 'Evading' Scrutiny Over Tether Billionaire's $6.7M Gift: Labour || institutional_flow: Tom Lee's Ethereum Treasury BitMine Prices Preferred Shares With 9.5% Dividend",negative-control label and reason this lane must not be merged into the cluster action,use ETH/eth_event_pressure_cluster as a conflict-control lane
split-first-btc-btc-event-pressure-cluster,btc_paper_long,BTC,paper_long,btc_event_pressure_cluster,long,long,multi_source_event_pressure,100.95871315,direction_conflict_lane,unlabeled,label_this_lane_separately,use_as_conflict_control,154.18254969,"promoted_repeat, symbol_lane_paper, symbol_lane_promoted_repeat",432.23836540,"BTC: sources=attention_price, rss:coindesk, rss:cointelegraph, rss:decrypt, events=19, newest_age_h=0.000000, top=institutional_flow: Spot Bitcoin ETFs bleed $1.7B as outflow streak hits four weeks || institutional_flow: Blame bitcoin's tumble on rising inflation, not Strategy, 10xResearch argues || institutional_flow: Strategy Buys Bitcoin, Pads Cash Reserves Following Biggest Weekly Stock Drop Since 2022 || institutional_flow: Strategy buys 1,550 Bitcoin after controversial 32 BTC sale",negative-control label and reason this lane must not be merged into the cluster action,use BTC/btc_event_pressure_cluster as a conflict-control lane
split-first-eth-eth-okx-liquidation-followup,eth_paper_long,ETH,paper_long,eth_okx_liquidation_followup,short,short,liquidation_label_needed_watch,55.00637767,direction_conflict_lane,unlabeled,label_this_lane_separately,isolate_opposite_lane,153.98452082,"promoted_repeat, symbol_lane_paper, symbol_lane_promoted_repeat",789.78143152,"ETH: obs=3, monitor_score=0.02755346, cont15=, spread_bps=0.05873939, near_depth_5bps=1019967.68334000","opposite-lane source quality, causal timestamp, failure reason for cluster direction, separate label",keep ETH/eth_okx_liquidation_followup outside the cluster repeat and use it as an opposite-direction control
split-first-eth-eth-long-atm-straddle-20260626-volatility-actionability,eth_paper_long,ETH,paper_long,eth_long_atm_straddle_20260626_volatility_actionability,long,long,volatility_quote_mechanics_watch,69.72009742,direction_conflict_lane,mechanics_unvalidated,label_this_lane_separately,use_as_conflict_control,153.69824057,"promoted_repeat, symbol_lane_paper, symbol_lane_promoted_repeat",789.78143152,"ETH 2026-06-26: iv_premium_24h=-52.5572, quote_spread=0.019139, max_loss_pct=10.550000, premium_to_realized_move=0.427681, top_ask_depth_usd=10048.71",negative-control label and reason this lane must not be merged into the cluster action,use ETH/eth_long_atm_straddle_20260626_volatility_actionability as a conflict-control lane
split-first-eth-eth-1962237-event-crypto-hedge,eth_paper_long,ETH,paper_long,eth_1962237_event_crypto_hedge,long,long,event_crypto_hedge_watch,64.17447804,direction_conflict_lane,unlabeled,label_this_lane_separately,use_as_conflict_control,153.15262119,"promoted_repeat, symbol_lane_paper, symbol_lane_promoted_repeat",789.78143152,"ETH: event_market=1962237, action=paper_long, bias=risk_relief, gap=0.085000, edge_after_ask=0.080000, depth_5c=81670.040000, question=US x Iran permanent peace deal by June 30, 2026?",negative-control label and reason this lane must not be merged into the cluster action,use ETH/eth_1962237_event_crypto_hedge as a conflict-control lane
split-first-btc-btc-20260626-medium-dated-delta-hedge-check,btc_paper_long,BTC,paper_long,btc_20260626_medium_dated_delta_hedge_check,neutral,,paper_delta_hedge_candidate,88.19158652,direction_conflict_lane,mechanics_unvalidated,label_this_lane_separately,separate_non_directional_lane,151.41542306,"promoted_repeat, symbol_lane_paper, symbol_lane_promoted_repeat",432.23836540,"BTC 2026-06-26: hedge=medium_dated_delta_hedge_check, interval=daily_or_large_delta_move, iv_premium_24h=-43.7860, max_loss_pct=7.550000, premium_to_rv=0.398156, spread=0.040541, depth=149039.26","relative-value or neutral mechanics, hedge leg, unwind path, costs, margin, and mark source","model BTC/btc_20260626_medium_dated_delta_hedge_check as a separate non-directional setup, not as a cluster repeat"
split-first-btc-mstr-btc-relative-value,btc_paper_long,BTC,paper_long,mstr_btc_relative_value,relative_value,,paper_relative_value_watch,80.41807720,dominant_lane,unlabeled,label_this_lane_separately,separate_non_directional_lane,148.64191374,"promoted_repeat, symbol_lane_paper, symbol_lane_promoted_repeat",432.23836540,MSTR strongly underperforms BTC; check announcement/news and equity-market risk before action,"relative-value or neutral mechanics, hedge leg, unwind path, costs, margin, and mark source","model BTC/mstr_btc_relative_value as a separate non-directional setup, not as a cluster repeat"
split-first-btc-btc-20260619-short-dated-delta-hedge-check,btc_paper_long,BTC,paper_long,btc_20260619_short_dated_delta_hedge_check,short,short,paper_delta_hedge_candidate,88.12483627,direction_conflict_lane,mechanics_unvalidated,label_this_lane_separately,isolate_opposite_lane,146.34867281,"promoted_repeat, symbol_lane_paper, symbol_lane_promoted_repeat",432.23836540,"BTC 2026-06-19: hedge=short_dated_delta_hedge_check, interval=4h_or_large_delta_move, iv_premium_24h=-41.5160, max_loss_pct=6.200000, premium_to_rv=0.420546, spread=0.041152, depth=122750.08","opposite-lane source quality, causal timestamp, failure reason for cluster direction, separate label",keep BTC/btc_20260619_short_dated_delta_hedge_check outside the cluster repeat and use it as an opposite-direction control
split-first-btc-btc-public-treasury-flow,btc_paper_long,BTC,paper_long,btc_public_treasury_flow,neutral,,public_treasury_concentration_watch,77.11440000,direction_conflict_lane,unlabeled,label_this_lane_separately,separate_non_directional_lane,145.33823654,"promoted_repeat, symbol_lane_paper, symbol_lane_promoted_repeat",432.23836540,"BTC: dominance=6.08000000, total_holdings=1277540.33138047, top=Strategy/MSTR.US, top_supply_pct=4.02500000, funding=0.10950000, oi_notional=1930148298.99","relative-value or neutral mechanics, hedge leg, unwind path, costs, margin, and mark source","model BTC/btc_public_treasury_flow as a separate non-directional setup, not as a cluster repeat"
split-first-btc-crypto-equity-proxy-lead-short,btc_paper_long,BTC,paper_long,crypto_equity_proxy_lead_short,short,short,paper_short_candidate,80.56427340,direction_conflict_lane,unlabeled,label_this_lane_separately,isolate_opposite_lane,143.78810994,"promoted_repeat, symbol_lane_paper, symbol_lane_promoted_repeat",432.23836540,crypto-linked equities underperform BTC while BTC has not repriced much,"opposite-lane source quality, causal timestamp, failure reason for cluster direction, separate label",keep BTC/crypto_equity_proxy_lead_short outside the cluster repeat and use it as an opposite-direction control
split-first-btc-exchange-beta-lead,btc_paper_long,BTC,paper_long,exchange_beta_lead,short,short,paper_short_candidate,80.38878100,direction_conflict_lane,unlabeled,label_this_lane_separately,isolate_opposite_lane,143.61261754,"promoted_repeat, symbol_lane_paper, symbol_lane_promoted_repeat",432.23836540,COIN/HOOD underperform BTC while BTC has not repriced much,"opposite-lane source quality, causal timestamp, failure reason for cluster direction, separate label",keep BTC/exchange_beta_lead outside the cluster repeat and use it as an opposite-direction control
split-first-btc-btc-25sep26-basis,btc_paper_long,BTC,paper_long,btc-25sep26_basis,relative_value,,paper_short_basis_watch,74.43098966,dominant_lane,unlabeled,label_this_lane_separately,separate_non_directional_lane,142.65482620,"promoted_repeat, symbol_lane_paper, symbol_lane_promoted_repeat",432.23836540,"BTC-25SEP26: ann_basis=0.03001697, basis=0.00893933, dte=108.7004, volume_usd=19486290.00000000, spread=0.00019336","relative-value or neutral mechanics, hedge leg, unwind path, costs, margin, and mark source","model BTC/btc-25sep26_basis as a separate non-directional setup, not as a cluster repeat"
split-first-btc-btc-12jun26-basis,btc_paper_long,BTC,paper_long,btc-12jun26_basis,relative_value,,paper_long_basis_watch,74.00005872,dominant_lane,unlabeled,label_this_lane_separately,separate_non_directional_lane,142.22389526,"promoted_repeat, symbol_lane_paper, symbol_lane_promoted_repeat",432.23836540,"BTC-12JUN26: ann_basis=-0.03045096, basis=-0.00030871, dte=3.7004, volume_usd=14588660.00000000, spread=0.00003903","relative-value or neutral mechanics, hedge leg, unwind path, costs, margin, and mark source","model BTC/btc-12jun26_basis as a separate non-directional setup, not as a cluster repeat"
split-first-btc-btc-risk-off-short-stack,btc_paper_long,BTC,paper_long,btc_risk_off_short_stack,short,short,paper_watch,74.87120382,direction_conflict_lane,unlabeled,label_this_lane_separately,isolate_opposite_lane,138.09504036,"promoted_repeat, symbol_lane_paper, symbol_lane_promoted_repeat",432.23836540,"Hyperliquid/BTC-USD perpetual short funding ticket score=3.42283217; risk-off pressure is visible, but crypto already repriced; btc5d=0.0024, eth5d=-0.0593; risk-off shock is visible, but crypto may already have repriced","opposite-lane source quality, causal timestamp, failure reason for cluster direction, separate label",keep BTC/btc_risk_off_short_stack outside the cluster repeat and use it as an opposite-direction control
split-first-near-near-sum-top-long-short-ratio-intraday-derivatives-feature,near_paper_long,NEAR,paper_long,near_sum_top_long_short_ratio_intraday_derivatives_feature,short,short,intraday_derivatives_feature_priority,84.00000000,direction_conflict_lane,unlabeled,label_this_lane_separately,isolate_opposite_lane,137.35533500,"symbol_lane_paper, symbol_lane_promoted_repeat",333.55335002,"NEARUSDT: feature=sum_top_long_short_ratio, obs=4885, bucket=high, low_1h=-0.002278041268, high_1h=0.001528627433, low_hit=0.44844517, high_hit=0.52945990, score=399.62678044","opposite-lane source quality, causal timestamp, failure reason for cluster direction, separate label",keep NEAR/near_sum_top_long_short_ratio_intraday_derivatives_feature outside the cluster repeat and use it as an opposite-direction control
split-first-near-near-count-long-short-ratio-intraday-derivatives-feature,near_paper_long,NEAR,paper_long,near_count_long_short_ratio_intraday_derivatives_feature,short,short,intraday_derivatives_feature_priority,84.00000000,direction_conflict_lane,unlabeled,label_this_lane_separately,isolate_opposite_lane,137.35533500,"symbol_lane_paper, symbol_lane_promoted_repeat",333.55335002,"NEARUSDT: feature=count_long_short_ratio, obs=4885, bucket=high, low_1h=-0.001067324711, high_1h=0.001734039715, low_hit=0.46153846, high_hit=0.52127660, score=298.45224870","opposite-lane source quality, causal timestamp, failure reason for cluster direction, separate label",keep NEAR/near_count_long_short_ratio_intraday_derivatives_feature outside the cluster repeat and use it as an opposite-direction control
split-first-near-near-count-top-long-short-ratio-intraday-derivatives-feature,near_paper_long,NEAR,paper_long,near_count_top_long_short_ratio_intraday_derivatives_feature,short,short,intraday_derivatives_feature_priority,84.00000000,direction_conflict_lane,unlabeled,label_this_lane_separately,isolate_opposite_lane,137.35533500,"symbol_lane_paper, symbol_lane_promoted_repeat",333.55335002,"NEARUSDT: feature=count_top_long_short_ratio, obs=4885, bucket=high, low_1h=0.000075127649, high_1h=0.002635714879, low_hit=0.46235679, high_hit=0.54909984, score=275.14920118","opposite-lane source quality, causal timestamp, failure reason for cluster direction, separate label",keep NEAR/near_count_top_long_short_ratio_intraday_derivatives_feature outside the cluster repeat and use it as an opposite-direction control
split-first-near-near-mean-funding-rate-binance-derivatives-symbol-feature,near_paper_long,NEAR,paper_long,near_mean_funding_rate_binance_derivatives_symbol_feature,neutral,,persistent_derivatives_symbol_feature_prior,78.00000000,direction_conflict_lane,unlabeled,label_this_lane_separately,separate_non_directional_lane,136.35533500,"symbol_lane_paper, symbol_lane_promoted_repeat",333.55335002,"NEARUSDT: feature=mean_funding_rate, historical_bucket=high_mean_only, recent_bucket=high_mean_only, historical_score=340.64123123, recent_score=305.40671778, combined=417.73879749","relative-value or neutral mechanics, hedge leg, unwind path, costs, margin, and mark source","model NEAR/near_mean_funding_rate_binance_derivatives_symbol_feature as a separate non-directional setup, not as a cluster repeat"
split-first-near-near-sum-funding-rate-binance-derivatives-symbol-feature,near_paper_long,NEAR,paper_long,near_sum_funding_rate_binance_derivatives_symbol_feature,neutral,,persistent_derivatives_symbol_feature_prior,78.00000000,direction_conflict_lane,unlabeled,label_this_lane_separately,separate_non_directional_lane,136.35533500,"symbol_lane_paper, symbol_lane_promoted_repeat",333.55335002,"NEARUSDT: feature=sum_funding_rate, historical_bucket=high_mean_only, recent_bucket=high_mean_only, historical_score=340.64123123, recent_score=305.40671778, combined=417.73879749","relative-value or neutral mechanics, hedge leg, unwind path, costs, margin, and mark source","model NEAR/near_sum_funding_rate_binance_derivatives_symbol_feature as a separate non-directional setup, not as a cluster repeat"
split-first-zec-zec-security-risk-news-event-quality-gate,zec_paper_long,ZEC,paper_long,zec_security_risk_news_event_quality_gate,short,short,repeat_single_source_label,39.49734757,direction_conflict_lane,unlabeled,label_this_lane_separately,isolate_opposite_lane,135.77158758,"promoted_repeat, symbol_lane_paper, symbol_lane_promoted_repeat",762.74240011,"ZEC: kind=security_risk, side=paper_short_news_event, sources=1, labels=1, support=1, reject=0, mean1h=159.46951318, mean4h=-1380.23613133, title=Morning Minute: Massive ZCash Exploit Found by Claude, Extent Unknown","opposite-lane source quality, causal timestamp, failure reason for cluster direction, separate label",keep ZEC/zec_security_risk_news_event_quality_gate outside the cluster repeat and use it as an opposite-direction control
split-first-btc-btc-20260611-expiry-gamma-scalp-check,btc_paper_long,BTC,paper_long,btc_20260611_expiry_gamma_scalp_check,neutral,,expiry_gamma_hedge_watch,70.10196026,direction_conflict_lane,mechanics_unvalidated,label_this_lane_separately,separate_non_directional_lane,133.32579680,"promoted_repeat, symbol_lane_paper, symbol_lane_promoted_repeat",432.23836540,"BTC 2026-06-11: hedge=expiry_gamma_scalp_check, interval=2h_or_large_delta_move, iv_premium_24h=-36.5560, max_loss_pct=3.500000, premium_to_rv=0.472770, spread=0.058824, depth=63924.13","relative-value or neutral mechanics, hedge leg, unwind path, costs, margin, and mark source","model BTC/btc_20260611_expiry_gamma_scalp_check as a separate non-directional setup, not as a cluster repeat"
split-first-near-near-mean-sum-top-long-short-ratio-binance-derivatives-symbol-feature,near_paper_long,NEAR,paper_long,near_mean_sum_top_long_short_ratio_binance_derivatives_symbol_feature,short,short,persistent_derivatives_symbol_feature_prior,78.00000000,direction_conflict_lane,unlabeled,label_this_lane_separately,isolate_opposite_lane,131.35533500,"symbol_lane_paper, symbol_lane_promoted_repeat",333.55335002,"NEARUSDT: feature=mean_sum_top_long_short_ratio, historical_bucket=high_mean_only, recent_bucket=high_mean_only, historical_score=297.51358782, recent_score=294.17664037, combined=395.34457198","opposite-lane source quality, causal timestamp, failure reason for cluster direction, separate label",keep NEAR/near_mean_sum_top_long_short_ratio_binance_derivatives_symbol_feature outside the cluster repeat and use it as an opposite-direction control
split-first-btc-btc-l2-imbalance-probe,btc_paper_long,BTC,paper_long,btc_l2_imbalance_probe,neutral,,l2_imbalance_15m_only_probe,66.80256058,direction_conflict_lane,paper_15m_supported,label_this_lane_separately,separate_non_directional_lane,130.02639712,"promoted_repeat, symbol_lane_paper, symbol_lane_promoted_repeat",432.23836540,"BTC: size=100.00, net15=33.02560578bps, net1h=-36.57479422bps, imbalance_10bps=0.74032299, depth_usage=0.00007456","relative-value or neutral mechanics, hedge leg, unwind path, costs, margin, and mark source","model BTC/btc_l2_imbalance_probe as a separate non-directional setup, not as a cluster repeat"
split-first-btc-btc-long-atm-straddle-20260626-volatility-actionability,btc_paper_long,BTC,paper_long,btc_long_atm_straddle_20260626_volatility_actionability,relative_value,,volatility_candidate_needs_sweep_hedge,66.79074704,dominant_lane,mechanics_unvalidated,label_this_lane_separately,separate_non_directional_lane,130.01458358,"promoted_repeat, symbol_lane_paper, symbol_lane_promoted_repeat",432.23836540,"BTC 2026-06-26: iv_premium_24h=-43.7860, quote_spread=0.040541, max_loss_pct=7.550000, premium_to_realized_move=0.398156, top_ask_depth_usd=149039.26","relative-value or neutral mechanics, hedge leg, unwind path, costs, margin, and mark source","model BTC/btc_long_atm_straddle_20260626_volatility_actionability as a separate non-directional setup, not as a cluster repeat"
split-first-btc-btc-long-atm-straddle-20260619-volatility-actionability,btc_paper_long,BTC,paper_long,btc_long_atm_straddle_20260619_volatility_actionability,relative_value,,volatility_candidate_needs_sweep_hedge,66.67948032,dominant_lane,mechanics_unvalidated,label_this_lane_separately,separate_non_directional_lane,129.90331686,"promoted_repeat, symbol_lane_paper, symbol_lane_promoted_repeat",432.23836540,"BTC 2026-06-19: iv_premium_24h=-41.5160, quote_spread=0.041152, max_loss_pct=6.200000, premium_to_realized_move=0.420546, top_ask_depth_usd=122750.08","relative-value or neutral mechanics, hedge leg, unwind path, costs, margin, and mark source","model BTC/btc_long_atm_straddle_20260619_volatility_actionability as a separate non-directional setup, not as a cluster repeat"
split-first-btc-btc-2296152-event-crypto-hedge,btc_paper_long,BTC,paper_long,btc_2296152_event_crypto_hedge,short,short,event_crypto_hedge_watch,64.69511347,direction_conflict_lane,unlabeled,label_this_lane_separately,isolate_opposite_lane,127.91895001,"promoted_repeat, symbol_lane_paper, symbol_lane_promoted_repeat",432.23836540,"BTC: event_market=2296152, action=paper_short, bias=risk_escalation, gap=0.100000, edge_after_ask=0.090000, depth_5c=9837.130000, question=Israel closes its airspace by June 15?","opposite-lane source quality, causal timestamp, failure reason for cluster direction, separate label",keep BTC/btc_2296152_event_crypto_hedge outside the cluster repeat and use it as an opposite-direction control
split-first-btc-public-hypertracker-example-hyna-btc-wallet-flow-actionability,btc_paper_long,BTC,paper_long,public_hypertracker_example_hyna_btc_wallet_flow_actionability,short,short,wallet_flow_watch,63.07599161,direction_conflict_lane,unlabeled,label_this_lane_separately,isolate_opposite_lane,126.29982815,"promoted_repeat, symbol_lane_paper, symbol_lane_promoted_repeat",432.23836540,"BTC: wallet=public_hypertracker_example, source_coin=hyna:BTC, fills=40, net_buy_usd=-281.87345000, net_pnl_after_fees=269.56085400, position_notional=0.00000000, mark=64034.000000000000","opposite-lane source quality, causal timestamp, failure reason for cluster direction, separate label",keep BTC/public_hypertracker_example_hyna_btc_wallet_flow_actionability outside the cluster repeat and use it as an opposite-direction control
split-first-btc-btc-protocol-activity-context,btc_paper_long,BTC,paper_long,btc_protocol_activity_context,neutral,,paper_protocol_activity_watch,57.91563786,direction_conflict_lane,unlabeled,label_this_lane_separately,separate_non_directional_lane,126.13947440,"promoted_repeat, symbol_lane_paper, symbol_lane_promoted_repeat",432.23836540,"BTC/Bitcoin: commits4w=279, telegram=0, funding=0.10950000, spread=0.000135847289","relative-value or neutral mechanics, hedge leg, unwind path, costs, margin, and mark source","model BTC/btc_protocol_activity_context as a separate non-directional setup, not as a cluster repeat"
split-first-btc-miner-stress-vs-btc,btc_paper_long,BTC,paper_long,miner_stress_vs_btc,neutral,,paper_risk_context,53.57038000,direction_conflict_lane,unlabeled,label_this_lane_separately,separate_non_directional_lane,121.79421654,"promoted_repeat, symbol_lane_paper, symbol_lane_promoted_repeat",432.23836540,"miners materially underperform BTC, which can indicate equity-market stress around crypto beta","relative-value or neutral mechanics, hedge leg, unwind path, costs, margin, and mark source","model BTC/miner_stress_vs_btc as a separate non-directional setup, not as a cluster repeat"
split-first-near-near-oi-funding-crowding-watch,near_paper_long,NEAR,paper_long,near_oi_funding_crowding_watch,long,long,paper_oi_funding_crowding_watch,75.58374770,direction_conflict_lane,unlabeled,label_this_lane_separately,use_as_conflict_control,118.93908270,"symbol_lane_paper, symbol_lane_promoted_repeat",333.55335002,"NEAR: obs=17, oi_change=0.02112340, ret24=0.10186976, funding=0.10950000, oi_vol=1.19648594, impact=0.000438778246, reason=OI notional is rising into an up move; test crowded continuation versus late-long squeeze risk",negative-control label and reason this lane must not be merged into the cluster action,use NEAR/near_oi_funding_crowding_watch as a conflict-control lane
split-first-btc-btc-1962237-event-crypto-hedge,btc_paper_long,BTC,paper_long,btc_1962237_event_crypto_hedge,long,long,event_crypto_hedge_watch,64.74942004,direction_conflict_lane,unlabeled,label_this_lane_separately,use_as_conflict_control,117.97325658,"promoted_repeat, symbol_lane_paper, symbol_lane_promoted_repeat",432.23836540,"BTC: event_market=1962237, action=paper_long, bias=risk_relief, gap=0.085000, edge_after_ask=0.080000, depth_5c=81670.040000, question=US x Iran permanent peace deal by June 30, 2026?",negative-control label and reason this lane must not be merged into the cluster action,use BTC/btc_1962237_event_crypto_hedge as a conflict-control lane
split-first-btc-btc-long-atm-straddle-20260612-volatility-actionability,btc_paper_long,BTC,paper_long,btc_long_atm_straddle_20260612_volatility_actionability,long,long,volatility_quote_mechanics_watch,69.73741670,direction_conflict_lane,mechanics_unvalidated,label_this_lane_separately,use_as_conflict_control,117.96125324,"promoted_repeat, symbol_lane_paper, symbol_lane_promoted_repeat",432.23836540,"BTC 2026-06-12: iv_premium_24h=-37.9260, quote_spread=0.077922, max_loss_pct=4.000000, premium_to_realized_move=0.461497, top_ask_depth_usd=86608.35",negative-control label and reason this lane must not be merged into the cluster action,use BTC/btc_long_atm_straddle_20260612_volatility_actionability as a conflict-control lane
split-first-btc-btc-institutional-flow-news-event-quality-gate,btc_paper_long,BTC,paper_long,btc_institutional_flow_news_event_quality_gate,long,long,repeat_after_pending_archive,56.49579164,direction_conflict_lane,pending_label,label_this_lane_separately,use_as_conflict_control,104.71962818,"promoted_repeat, symbol_lane_paper, symbol_lane_promoted_repeat",432.23836540,"BTC: kind=institutional_flow, side=paper_long_news_event, sources=3, labels=9, support=3, reject=3, mean1h=118.33107131, mean4h=134.71209543, title=Strategy’s Saylor signals BTC buy as preferred dividend pay date vote looms",negative-control label and reason this lane must not be merged into the cluster action,use BTC/btc_institutional_flow_news_event_quality_gate as a conflict-control lane
split-first-near-near-crowded-momentum-continuation-actionability,near_paper_long,NEAR,paper_long,near_crowded_momentum_continuation_actionability,long,long,dislocation_repeat_needs_execution_check,52.17838133,direction_conflict_lane,pending_label,label_this_lane_separately,use_as_conflict_control,90.53371633,"symbol_lane_paper, symbol_lane_promoted_repeat",333.55335002,"NEAR: source=paper_crowded_momentum_continuation_candidate, monitor_obs=17, current15=pending_15m 0.00000000, current1h=pending_1h 0.00000000, gate=, cons_net1h=0.00000000, history=repeat_paper_probe_priority, hist_win1h=2, hist_mean1h=47.02879606",negative-control label and reason this lane must not be merged into the cluster action,use NEAR/near_crowded_momentum_continuation_actionability as a conflict-control lane
