priority,queue_id,cluster_id,asset,lane_opportunity,lane_status,progress_status,required_record,evidence,next_step
282.71032981,split-first-queue-split-first-zec-public-hypertracker-example-zec-wallet-flow-actionability,zec_paper_long,ZEC,public_hypertracker_example_zec_wallet_flow_actionability,wallet_position_follow_candidate,source_context_needs_forward_label,"lane-only forward label, source timestamp, duplicate-source check, cost and depth context","ZEC: wallet=public_hypertracker_example, source_coin=ZEC, fills=40, net_buy_usd=49.58980000, net_pnl_after_fees=443.76364400, position_notional=585.36720000, mark=442.700000000000","record a lane-only forward label for ZEC/public_hypertracker_example_zec_wallet_flow_actionability with source timestamp, duplicate-source check, cost/depth context, and failure regime"
279.33820087,split-first-queue-split-first-zec-zec-privacy-sector-rotation-context,zec_paper_long,ZEC,zec_privacy_sector_rotation_context,sector_perp_repeat_candidate,source_context_needs_forward_label,"lane-only forward label, source timestamp, duplicate-source check, cost and depth context","ZEC: category=Privacy, category_action=sector_momentum_watch, change24=26.10040868, dir15=0.00024864, funding_support=1.02205333, hl_liquidity=343403144.86800009, okx_liquidity=805682392.59729993","record a lane-only forward label for ZEC/zec_privacy_sector_rotation_context with source timestamp, duplicate-source check, cost/depth context, and failure regime"
277.91929627,split-first-queue-split-first-zec-zec-quantum-resistant-sector-rotation-context,zec_paper_long,ZEC,zec_quantum_resistant_sector_rotation_context,sector_perp_repeat_candidate,source_context_needs_forward_label,"lane-only forward label, source timestamp, duplicate-source check, cost and depth context","ZEC: category=Quantum-Resistant, category_action=sector_momentum_watch, change24=19.00588556, dir15=0.00024864, funding_support=1.02205333, hl_liquidity=343403144.86800009, okx_liquidity=805682392.59729993","record a lane-only forward label for ZEC/zec_quantum_resistant_sector_rotation_context with source timestamp, duplicate-source check, cost/depth context, and failure regime"
277.17344957,split-first-queue-split-first-zec-zec-zero-knowledge-zk-sector-rotation-context,zec_paper_long,ZEC,zec_zero_knowledge_zk_sector_rotation_context,sector_perp_repeat_candidate,source_context_needs_forward_label,"lane-only forward label, source timestamp, duplicate-source check, cost and depth context","ZEC: category=Zero Knowledge (ZK), category_action=sector_momentum_watch, change24=15.27665202, dir15=0.00024864, funding_support=1.02205333, hl_liquidity=343403144.86800009, okx_liquidity=805682392.59729993","record a lane-only forward label for ZEC/zec_zero_knowledge_zk_sector_rotation_context with source timestamp, duplicate-source check, cost/depth context, and failure regime"
276.98218877,split-first-queue-split-first-zec-zec-privacy-coins-sector-rotation-context,zec_paper_long,ZEC,zec_privacy_coins_sector_rotation_context,sector_perp_repeat_candidate,source_context_needs_forward_label,"lane-only forward label, source timestamp, duplicate-source check, cost and depth context","ZEC: category=Privacy Coins, category_action=sector_momentum_watch, change24=14.32034791, dir15=0.00024864, funding_support=1.02205333, hl_liquidity=343403144.86800009, okx_liquidity=805682392.59729993","record a lane-only forward label for ZEC/zec_privacy_coins_sector_rotation_context with source timestamp, duplicate-source check, cost/depth context, and failure regime"
273.52923312,split-first-queue-split-first-zec-zec-event-pressure-cluster,zec_paper_long,ZEC,zec_event_pressure_cluster,two_source_event_pressure,lane_label_needs_review,"lane-only forward label, source timestamp, duplicate-source check, cost and depth context","ZEC: sources=attention_price, rss:decrypt, events=3, newest_age_h=0.000000, top=attention_price_lag_candidate: rank=2; price_1h=1.79; price_24h=1.55; price_7d=-17.49; price_30d=-25.35; volume_to_mcap=0.1211 || institutional_flow: Winklevoss-Backed Zcash Treasury Plunges Nearly 40% on ZEC Privacy Bug Concerns || narrative_event: AI Is Helping Discover Tech Vulnerabilities—And Zcash Is Just the Latest Example","record a lane-only forward label for ZEC/zec_event_pressure_cluster with source timestamp, duplicate-source check, cost/depth context, and failure regime"
263.77923312,split-first-queue-split-first-zec-zec-attention-price-context,zec_paper_long,ZEC,zec_attention_price_context,attention_price_lag_candidate,source_context_needs_forward_label,"lane-only forward label, source timestamp, duplicate-source check, cost and depth context","ZEC: name=Zcash, rank=2, price24h=1.55399868, price7d=-17.48774114, price30d=-25.34698347, vol_mcap=0.12111599","record a lane-only forward label for ZEC/zec_attention_price_context with source timestamp, duplicate-source check, cost/depth context, and failure regime"
244.76299003,split-first-queue-split-first-sol-sol-1971905-event-crypto-hedge,sol_paper_long,SOL,sol_1971905_event_crypto_hedge,event_crypto_hedge_after_refresh_candidate,source_context_needs_forward_label,"lane-only forward label, source timestamp, duplicate-source check, cost and depth context","SOL: event_market=1971905, action=paper_long, bias=risk_relief, gap=0.335000, edge_after_ask=0.330000, depth_5c=214008.090000, question=Strait of Hormuz traffic returns to normal by end of June?","record a lane-only forward label for SOL/sol_1971905_event_crypto_hedge with source timestamp, duplicate-source check, cost/depth context, and failure regime"
232.34775598,split-first-queue-split-first-zec-zec-institutional-flow-news-event-quality-gate,zec_paper_long,ZEC,zec_institutional_flow_news_event_quality_gate,repeat_single_source_label,lane_label_needs_review,"lane-only forward label, source timestamp, duplicate-source check, cost and depth context","ZEC: kind=institutional_flow, side=paper_long_news_event, sources=1, labels=1, support=1, reject=0, mean1h=749.15979224, mean4h=226.09227009, title=Winklevoss-Backed Zcash Treasury Plunges Nearly 40% on ZEC Privacy Bug Concerns","record a lane-only forward label for ZEC/zec_institutional_flow_news_event_quality_gate with source timestamp, duplicate-source check, cost/depth context, and failure regime"
232.29805060,split-first-queue-split-first-zec-zec-narrative-event-news-event-quality-gate,zec_paper_long,ZEC,zec_narrative_event_news_event_quality_gate,repeat_single_source_label,lane_label_needs_review,"lane-only forward label, source timestamp, duplicate-source check, cost and depth context","ZEC: kind=narrative_event, side=paper_long_news_event, sources=1, labels=1, support=1, reject=0, mean1h=85.71428571, mean4h=632.85714286, title=AI Is Helping Discover Tech Vulnerabilities—And Zcash Is Just the Latest Example","record a lane-only forward label for ZEC/zec_narrative_event_news_event_quality_gate with source timestamp, duplicate-source check, cost/depth context, and failure regime"
221.26277668,split-first-queue-split-first-sol-solana-stablecoin-migration,sol_paper_long,SOL,solana_stablecoin_migration,paper_chain_stablecoin_inflow_watch,source_context_needs_forward_label,"lane-only forward label, source timestamp, duplicate-source check, cost and depth context","Solana/SOL: supply=13099796300.64, day_change=454833106.44, week_change=930837276.44, week_pct=0.07649276, top_asset=USDC; label=pending_4h, dir1h=, dir4h=, dir12h=","record a lane-only forward label for SOL/solana_stablecoin_migration with source timestamp, duplicate-source check, cost/depth context, and failure regime"
216.03281289,split-first-queue-split-first-sol-sol-attention-price-context,sol_paper_long,SOL,sol_attention_price_context,attention_price_lag_candidate,source_context_needs_forward_label,"lane-only forward label, source timestamp, duplicate-source check, cost and depth context","SOL: name=Solana, rank=7, price24h=4.00738704, price7d=-15.62374907, price30d=-27.86692055, vol_mcap=0.08735556","record a lane-only forward label for SOL/sol_attention_price_context with source timestamp, duplicate-source check, cost/depth context, and failure regime"
207.54498649,split-first-queue-split-first-sol-sol-1962237-event-crypto-hedge,sol_paper_long,SOL,sol_1962237_event_crypto_hedge,event_crypto_hedge_watch,source_context_needs_forward_label,"lane-only forward label, source timestamp, duplicate-source check, cost and depth context","SOL: event_market=1962237, action=paper_long, bias=risk_relief, gap=0.085000, edge_after_ask=0.080000, depth_5c=81670.040000, question=US x Iran permanent peace deal by June 30, 2026?","record a lane-only forward label for SOL/sol_1962237_event_crypto_hedge with source timestamp, duplicate-source check, cost/depth context, and failure regime"
183.49618201,split-first-queue-split-first-hype-hype-maker-or-low-fee-small-execution-edge,hype_paper_long,HYPE,hype_maker_or_low_fee_small_execution_edge,execution_low_fee_comparison_candidate,source_context_needs_forward_label,"lane-only forward label, source timestamp, duplicate-source check, cost and depth context","HYPE: mode=maker_or_low_fee_small, action=compare_taker_vs_low_fee, size=250, current_net_bps=514.02103278, mode_net_bps=520.09834659, spread_bps=0.15462762, depth_usage=0.00260762, source=current_paper_ticket_fill_risk_check.csv","record a lane-only forward label for HYPE/hype_maker_or_low_fee_small_execution_edge with source timestamp, duplicate-source check, cost/depth context, and failure regime"
181.49618201,split-first-queue-split-first-hype-hype-taker-small-execution-edge,hype_paper_long,HYPE,hype_taker_small_execution_edge,execution_taker_repeat_candidate,source_context_needs_forward_label,"lane-only forward label, source timestamp, duplicate-source check, cost and depth context","HYPE: mode=taker_small, action=repeat_taker_probe, size=250, current_net_bps=514.02103278, mode_net_bps=514.02103278, spread_bps=0.15462762, depth_usage=0.00260762, source=current_paper_ticket_fill_risk_check.csv","record a lane-only forward label for HYPE/hype_taker_small_execution_edge with source timestamp, duplicate-source check, cost/depth context, and failure regime"
178.94955579,split-first-queue-split-first-hype-hype-event-pressure-cluster,hype_paper_long,HYPE,hype_event_pressure_cluster,two_source_event_pressure,lane_label_needs_review,"lane-only forward label, source timestamp, duplicate-source check, cost and depth context","HYPE: sources=attention_market, attention_price, events=2, newest_age_h=0.000000, top=attention_price_lag_candidate: rank=1; price_1h=0.19; price_24h=10.36; price_7d=-10.45; price_30d=48.27; volume_to_mcap=0.0617 || attention_funding_watch: rank=1, change=10.03822924","record a lane-only forward label for HYPE/hype_event_pressure_cluster with source timestamp, duplicate-source check, cost/depth context, and failure regime"
169.34955579,split-first-queue-split-first-hype-hype-attention-price-context,hype_paper_long,HYPE,hype_attention_price_context,attention_price_lag_candidate,source_context_needs_forward_label,"lane-only forward label, source timestamp, duplicate-source check, cost and depth context","HYPE: name=Hyperliquid, rank=1, price24h=10.35547027, price7d=-10.44790161, price30d=48.26597086, vol_mcap=0.06171672","record a lane-only forward label for HYPE/hype_attention_price_context with source timestamp, duplicate-source check, cost/depth context, and failure regime"
144.22745628,split-first-queue-split-first-hype-hype-crowded-momentum-continuation-actionability,hype_paper_long,HYPE,hype_crowded_momentum_continuation_actionability,dislocation_repeat_needs_execution_check,lane_label_needs_review,"lane-only forward label, source timestamp, duplicate-source check, cost and depth context","HYPE: source=paper_crowded_momentum_continuation_candidate, monitor_obs=8, current15=pending_15m 0.00000000, current1h=pending_1h 0.00000000, gate=, cons_net1h=0.00000000, history=repeat_paper_probe_priority, hist_win1h=2, hist_mean1h=78.76456095","record a lane-only forward label for HYPE/hype_crowded_momentum_continuation_actionability with source timestamp, duplicate-source check, cost/depth context, and failure regime"
