observed_at,symbol,name,coin_id,status,side,direction,market_cap_rank,current_price,volume_to_market_cap,price_change_24h,price_change_7d,price_change_30d,score,observation_status,next_step
2026-06-07T22:55:00+00:00,AAVE,Aave,aave,volume_reversal_candidate,long_reversal,1,71,64.150000000000,0.20926535,6.37385514,-21.36694793,-33.29612131,51.74672420,ready_for_label,"paper-label AAVE volume-backed reversal over 1h, 4h, 12h, and 24h"
2026-06-07T22:55:00+00:00,ADA,Cardano,cardano,volume_reversal_candidate,long_reversal,1,18,0.165445000000,0.09238585,5.87621612,-29.49674198,-39.02186795,50.51936740,ready_for_label,"paper-label ADA volume-backed reversal over 1h, 4h, 12h, and 24h"
2026-06-07T22:55:00+00:00,ALGO,Algorand,algorand,volume_reversal_candidate,long_reversal,1,80,0.095309000000,0.04130092,3.39633636,-24.95885479,-28.32939229,41.83324635,ready_for_label,"paper-label ALGO volume-backed reversal over 1h, 4h, 12h, and 24h"
2026-06-07T22:55:00+00:00,APT,Aptos,aptos,volume_reversal_candidate,long_reversal,1,94,0.675707000000,0.11319479,3.67062389,-28.13335938,-40.66286587,45.76231110,ready_for_label,"paper-label APT volume-backed reversal over 1h, 4h, 12h, and 24h"
2026-06-07T22:55:00+00:00,ARB,Arbitrum,arbitrum,volume_reversal_candidate,long_reversal,1,101,0.083053000000,0.14557143,4.99775364,-18.16535614,-42.10226919,41.84739584,ready_for_label,"paper-label ARB volume-backed reversal over 1h, 4h, 12h, and 24h"
2026-06-07T22:55:00+00:00,BAT,Basic Attention,basic-attention-token,volume_reversal_candidate,long_reversal,1,223,0.087192000000,0.09287846,6.26886430,-26.43786000,-21.34077132,40.69157202,ready_for_label,"paper-label BAT volume-backed reversal over 1h, 4h, 12h, and 24h"
2026-06-07T22:55:00+00:00,BONK,Bonk,bonk,volume_reversal_candidate,long_reversal,1,118,0.000004440000,0.07963554,5.56175599,-19.26095508,-39.54955825,38.70084356,ready_for_label,"paper-label BONK volume-backed reversal over 1h, 4h, 12h, and 24h"
2026-06-07T22:55:00+00:00,BTW,Bitway,bitway,chase_risk,wait_or_fade_watch,-1,197,0.072196000000,0.19111557,30.59444895,474.97282846,416.09918937,46.61693406,ready_for_label,avoid chasing BTW; label pullback or fade setup first
2026-06-07T22:55:00+00:00,CFG,Centrifuge,centrifuge-2,volume_reversal_candidate,long_reversal,1,240,0.203322000000,0.06616797,7.01187432,-23.56690245,-29.20074101,37.54885477,ready_for_label,"paper-label CFG volume-backed reversal over 1h, 4h, 12h, and 24h"
2026-06-07T22:55:00+00:00,DOGE,Dogecoin,dogecoin,volume_reversal_candidate,long_reversal,1,10,0.085925000000,0.06072499,5.78337797,-13.75927157,-21.01281944,37.68614915,ready_for_label,"paper-label DOGE volume-backed reversal over 1h, 4h, 12h, and 24h"
2026-06-07T22:55:00+00:00,DOT,Polkadot,polkadot,volume_reversal_candidate,long_reversal,1,48,0.976224000000,0.06648069,4.22300320,-17.42303782,-29.67835499,38.23488257,ready_for_label,"paper-label DOT volume-backed reversal over 1h, 4h, 12h, and 24h"
2026-06-07T22:55:00+00:00,DYDX,dYdX,dydx-chain,volume_reversal_candidate,long_reversal,1,234,0.148936000000,0.06219472,11.63308111,-20.82224734,-16.76196474,39.48701188,ready_for_label,"paper-label DYDX volume-backed reversal over 1h, 4h, 12h, and 24h"
2026-06-07T22:55:00+00:00,EIGEN,EigenCloud (prev. EigenLayer),eigenlayer,volume_reversal_candidate,long_reversal,1,217,0.182747000000,0.17647492,14.50294705,-12.27886054,-16.28282426,41.52030278,ready_for_label,"paper-label EIGEN volume-backed reversal over 1h, 4h, 12h, and 24h"
2026-06-07T22:55:00+00:00,ETH,Ethereum,ethereum,volume_reversal_candidate,long_reversal,1,2,1683.590000000000,0.07901498,8.01322372,-15.98356942,-26.99554294,43.63769177,ready_for_label,"paper-label ETH volume-backed reversal over 1h, 4h, 12h, and 24h"
2026-06-07T22:55:00+00:00,ETHFI,Ether.fi,ether-fi,volume_reversal_candidate,long_reversal,1,142,0.302577000000,0.10331451,5.25644852,-17.25234462,-32.97619624,36.60766349,ready_for_label,"paper-label ETHFI volume-backed reversal over 1h, 4h, 12h, and 24h"
2026-06-07T22:55:00+00:00,FARTCOIN,Fartcoin,fartcoin,volume_reversal_candidate,long_reversal,1,246,0.114738000000,0.26405636,9.81233085,-27.33967649,-54.33381969,53.35571275,ready_for_label,"paper-label FARTCOIN volume-backed reversal over 1h, 4h, 12h, and 24h"
2026-06-07T22:55:00+00:00,FET,Artificial Superintelligence Alliance,fetch-ai,volume_reversal_candidate,long_reversal,1,107,0.212832000000,0.22197534,8.47249787,-22.35384417,-9.89005877,53.79486251,ready_for_label,"paper-label FET volume-backed reversal over 1h, 4h, 12h, and 24h"
2026-06-07T22:55:00+00:00,FIL,Filecoin,filecoin,volume_reversal_candidate,long_reversal,1,89,0.775799000000,0.13426847,7.17188175,-16.23427706,-35.89818471,42.01226671,ready_for_label,"paper-label FIL volume-backed reversal over 1h, 4h, 12h, and 24h"
2026-06-07T22:55:00+00:00,HOME,HOME,home,chase_risk,wait_or_fade_watch,-1,241,0.030242430000,0.83368393,-41.94010460,-17.20570845,105.30547357,47.27636839,ready_for_label,avoid chasing HOME; label pullback or fade setup first
2026-06-07T22:55:00+00:00,HYPE,Hyperliquid,hyperliquid,volume_reversal_candidate,long_reversal,1,11,59.420000000000,0.05159648,5.75039223,-14.81719886,37.85497175,38.11338013,ready_for_label,"paper-label HYPE volume-backed reversal over 1h, 4h, 12h, and 24h"
2026-06-07T22:55:00+00:00,INJ,Injective,injective-protocol,volume_reversal_candidate,long_reversal,1,96,5.440000000000,0.18076225,6.79932081,-16.42168208,28.64208820,44.26673795,ready_for_label,"paper-label INJ volume-backed reversal over 1h, 4h, 12h, and 24h"
2026-06-07T22:55:00+00:00,JTO,Jito,jito-governance-token,breakout_continuation_watch,long_momentum_watch,1,133,0.619888000000,0.27454272,24.06259659,21.52932496,8.01821698,59.82256335,ready_for_label,paper-label JTO breakout continuation and stop behavior
2026-06-07T22:55:00+00:00,LDO,Lido DAO,lido-dao,volume_reversal_candidate,long_reversal,1,159,0.272476000000,0.12196639,7.02114605,-15.89983782,-33.10490493,37.28896740,ready_for_label,"paper-label LDO volume-backed reversal over 1h, 4h, 12h, and 24h"
2026-06-07T22:55:00+00:00,LINK,Chainlink,chainlink,volume_reversal_candidate,long_reversal,1,19,7.900000000000,0.05135033,7.45786711,-12.86306290,-23.28037683,37.45194966,ready_for_label,"paper-label LINK volume-backed reversal over 1h, 4h, 12h, and 24h"
2026-06-07T22:55:00+00:00,LTC,Litecoin,litecoin,volume_reversal_candidate,long_reversal,1,30,42.880000000000,0.10746095,4.66999243,-17.14878719,-26.13823494,41.76643674,ready_for_label,"paper-label LTC volume-backed reversal over 1h, 4h, 12h, and 24h"
2026-06-07T22:55:00+00:00,LUNC,Terra Luna Classic,terra-luna,volume_reversal_candidate,long_reversal,1,122,0.000066990000,0.10501347,10.11260082,-20.97750837,-27.16143153,46.29091743,ready_for_label,"paper-label LUNC volume-backed reversal over 1h, 4h, 12h, and 24h"
2026-06-07T22:55:00+00:00,OP,Optimism,optimism,volume_reversal_candidate,long_reversal,1,170,0.097849000000,0.27763358,5.62442941,-17.02784105,-44.34564189,45.81028509,ready_for_label,"paper-label OP volume-backed reversal over 1h, 4h, 12h, and 24h"
2026-06-07T22:55:00+00:00,PENGU,Pudgy Penguins,pudgy-penguins,volume_reversal_candidate,long_reversal,1,112,0.006918680000,0.29336786,10.79861525,-11.61823535,-33.63228735,49.41892235,ready_for_label,"paper-label PENGU volume-backed reversal over 1h, 4h, 12h, and 24h"
2026-06-07T22:55:00+00:00,PEPE,Pepe,pepe,volume_reversal_candidate,long_reversal,1,62,0.000002820000,0.17569265,6.06438770,-16.43933599,-35.01727517,44.94528256,ready_for_label,"paper-label PEPE volume-backed reversal over 1h, 4h, 12h, and 24h"
2026-06-07T22:55:00+00:00,PUMP,Pump.fun,pump-fun,volume_reversal_candidate,long_reversal,1,97,0.001534400000,0.09686323,9.00011977,-14.10057732,-29.27676241,39.06249091,ready_for_label,"paper-label PUMP volume-backed reversal over 1h, 4h, 12h, and 24h"
2026-06-07T22:55:00+00:00,RAY,Raydium,raydium,volume_reversal_candidate,long_reversal,1,201,0.587255000000,0.13134560,6.07503020,-17.88886646,-31.02864014,36.79463293,ready_for_label,"paper-label RAY volume-backed reversal over 1h, 4h, 12h, and 24h"
2026-06-07T22:55:00+00:00,RENDER,Render,render-token,volume_reversal_candidate,long_reversal,1,77,1.680000000000,0.08377427,5.32053682,-18.71962396,-17.31610701,40.21661697,ready_for_label,"paper-label RENDER volume-backed reversal over 1h, 4h, 12h, and 24h"
2026-06-07T22:55:00+00:00,SAHARA,Sahara AI,sahara-ai,breakout_continuation_watch,long_momentum_watch,1,231,0.037525460000,0.40046369,14.98452836,13.93237597,23.25276982,50.36690434,ready_for_label,paper-label SAHARA breakout continuation and stop behavior
2026-06-07T22:55:00+00:00,SAND,The Sandbox,the-sandbox,volume_reversal_candidate,long_reversal,1,214,0.053156000000,0.10147238,3.43206487,-23.07880844,-34.81855853,36.89921627,ready_for_label,"paper-label SAND volume-backed reversal over 1h, 4h, 12h, and 24h"
2026-06-07T22:55:00+00:00,SEI,Sei,sei-network,volume_reversal_candidate,long_reversal,1,128,0.050125000000,0.15689284,7.44001563,-24.97718513,-22.58455025,50.43077127,ready_for_label,"paper-label SEI volume-backed reversal over 1h, 4h, 12h, and 24h"
2026-06-07T22:55:00+00:00,SIREN,Siren,siren-2,chase_risk,wait_or_fade_watch,-1,73,1.280000000000,0.16042963,51.34376926,157.50063122,9.85669869,50.97577756,ready_for_label,avoid chasing SIREN; label pullback or fade setup first
2026-06-07T22:55:00+00:00,SOL,Solana,solana,volume_reversal_candidate,long_reversal,1,7,66.300000000000,0.08054691,7.58642430,-18.90152796,-28.02709338,45.97076715,ready_for_label,"paper-label SOL volume-backed reversal over 1h, 4h, 12h, and 24h"
2026-06-07T22:55:00+00:00,SUI,Sui,sui,volume_reversal_candidate,long_reversal,1,31,0.761583000000,0.20130572,7.11407856,-13.46407787,-25.40694066,46.10649990,ready_for_label,"paper-label SUI volume-backed reversal over 1h, 4h, 12h, and 24h"
2026-06-07T22:55:00+00:00,TAO,Bittensor,bittensor,volume_reversal_candidate,long_reversal,1,42,213.540000000000,0.09618402,10.89382288,-15.70715856,-31.79234979,45.27202242,ready_for_label,"paper-label TAO volume-backed reversal over 1h, 4h, 12h, and 24h"
2026-06-07T22:55:00+00:00,TIA,Celestia,celestia,volume_reversal_candidate,long_reversal,1,134,0.321451000000,0.12980864,7.17504558,-18.24724322,-27.73691954,41.51080747,ready_for_label,"paper-label TIA volume-backed reversal over 1h, 4h, 12h, and 24h"
2026-06-07T22:55:00+00:00,TRUMP,Official Trump,official-trump,volume_reversal_candidate,long_reversal,1,117,1.660000000000,0.18866146,5.95382829,-17.74689524,-32.59491598,44.17041127,ready_for_label,"paper-label TRUMP volume-backed reversal over 1h, 4h, 12h, and 24h"
2026-06-07T22:55:00+00:00,UB,Unibase,unibase,volume_reversal_candidate,long_reversal,1,130,0.127406000000,0.06151395,14.69971394,-35.36315345,10.91674747,51.89055072,ready_for_label,"paper-label UB volume-backed reversal over 1h, 4h, 12h, and 24h"
2026-06-07T22:55:00+00:00,UNI,Uniswap,uniswap,volume_reversal_candidate,long_reversal,1,51,2.570000000000,0.09039275,5.37906681,-14.68021204,-30.13758047,37.93284373,ready_for_label,"paper-label UNI volume-backed reversal over 1h, 4h, 12h, and 24h"
2026-06-07T22:55:00+00:00,VELVET,Velvet,velvet,chase_risk,wait_or_fade_watch,-1,260,0.255468000000,0.12882342,38.48300758,158.61776410,180.03755723,39.72940538,ready_for_label,avoid chasing VELVET; label pullback or fade setup first
2026-06-07T22:55:00+00:00,VIRTUAL,Virtuals Protocol,virtual-protocol,volume_reversal_candidate,long_reversal,1,121,0.576889000000,0.19483293,6.87931778,-18.42529475,-36.96202220,45.94458804,ready_for_label,"paper-label VIRTUAL volume-backed reversal over 1h, 4h, 12h, and 24h"
2026-06-07T22:55:00+00:00,WIF,dogwifhat,dogwifcoin,volume_reversal_candidate,long_reversal,1,196,0.160798000000,0.22322857,6.73930883,-15.85829800,-28.47722536,41.19132114,ready_for_label,"paper-label WIF volume-backed reversal over 1h, 4h, 12h, and 24h"
2026-06-07T22:55:00+00:00,WLD,Worldcoin,worldcoin-wld,chase_risk,wait_or_fade_watch,-1,50,0.479653000000,0.38946687,15.21964005,41.73672218,74.87024647,49.21756162,ready_for_label,avoid chasing WLD; label pullback or fade setup first
2026-06-07T22:55:00+00:00,XPL,Plasma,plasma,volume_reversal_candidate,long_reversal,1,181,0.070263000000,0.36855732,8.25387798,-21.82442603,-35.53467627,54.02830401,ready_for_label,"paper-label XPL volume-backed reversal over 1h, 4h, 12h, and 24h"
2026-06-07T22:55:00+00:00,ZEC,Zcash,zcash,volume_reversal_candidate,long_reversal,1,15,442.880000000000,0.17418040,26.47598241,-19.23481277,-25.36468429,58.93563677,ready_for_label,"paper-label ZEC volume-backed reversal over 1h, 4h, 12h, and 24h"
2026-06-07T22:55:00+00:00,ZK,ZKsync,zksync,volume_reversal_candidate,long_reversal,1,269,0.010534350000,0.09686003,3.22953410,-26.41146318,-46.88446008,35.59113587,ready_for_label,"paper-label ZK volume-backed reversal over 1h, 4h, 12h, and 24h"
