timestamp,source,published_at,catalog,symbol,catalyst_kind,direction_hint,score,title,reason
2026-06-08T01:07:14.617415+00:00,binance_announcements,2026-06-04T12:44:22.460000+00:00,New Cryptocurrency Listing,BTW,perp_listing_watch,1,7.00000000,Binance Futures Will Launch USDⓈ-Margined ZESTUSDT and BTWUSDT Perpetual Contracts (2026-06-04),"new perp venue can change leverage, liquidity, and attention"
2026-06-08T01:07:14.617415+00:00,binance_announcements,2026-06-04T12:44:22.460000+00:00,New Cryptocurrency Listing,ZEST,perp_listing_watch,1,7.00000000,Binance Futures Will Launch USDⓈ-Margined ZESTUSDT and BTWUSDT Perpetual Contracts (2026-06-04),"new perp venue can change leverage, liquidity, and attention"
2026-06-08T01:07:14.617415+00:00,binance_announcements,2026-06-01T06:15:08.711000+00:00,New Cryptocurrency Listing,SLX,perp_listing_watch,1,7.00000000,Binance Futures Will Launch USDⓈ-Margined SLXUSDT Perpetual Contract (2026-06-01),"new perp venue can change leverage, liquidity, and attention"
2026-06-08T01:07:14.617415+00:00,binance_announcements,2026-05-28T08:16:29.339000+00:00,New Cryptocurrency Listing,CTR,perp_listing_watch,1,7.00000000,Binance Futures Will Launch USDⓈ-Margined CTRUSDT Perpetual Contract (2026-05-28),"new perp venue can change leverage, liquidity, and attention"
2026-06-08T01:07:14.617415+00:00,binance_announcements,2026-05-14T04:14:04.113000+00:00,New Cryptocurrency Listing,PHAROS,perp_listing_watch,1,7.00000000,Binance Futures Will Launch USDⓈ-Margined PHAROSUSDT and STARUSDT Perpetual Contracts (2026-05-14),"new perp venue can change leverage, liquidity, and attention"
2026-06-08T01:07:14.617415+00:00,binance_announcements,2026-05-14T04:14:04.113000+00:00,New Cryptocurrency Listing,STAR,perp_listing_watch,1,7.00000000,Binance Futures Will Launch USDⓈ-Margined PHAROSUSDT and STARUSDT Perpetual Contracts (2026-05-14),"new perp venue can change leverage, liquidity, and attention"
2026-06-08T01:07:14.617415+00:00,binance_announcements,2026-05-07T06:59:29.304000+00:00,New Cryptocurrency Listing,BILL,perp_listing_watch,1,7.00000000,Binance Futures Will Launch USDⓈ-Margined BILLUSDT Perpetual Contract (2026-05-07),"new perp venue can change leverage, liquidity, and attention"
2026-06-08T01:07:14.617415+00:00,binance_announcements,2026-05-04T06:29:57.125000+00:00,New Cryptocurrency Listing,USAR,perp_listing_watch,1,7.00000000,"Binance Futures Will Launch AMDUSDT, QCOMUSDT and USARUSDT USDⓈ-Margined Perpetual Contracts (2026-05-06)","new perp venue can change leverage, liquidity, and attention"
2026-06-08T01:07:14.617415+00:00,binance_announcements,2026-04-29T13:27:04.104000+00:00,New Cryptocurrency Listing,AIGENSYN,perp_listing_watch,1,7.00000000,Binance Futures Will Launch USDⓈ-Margined AIGENSYNUSDT Perpetual Contract (2026-04-29),"new perp venue can change leverage, liquidity, and attention"
2026-06-08T01:07:14.617415+00:00,binance_announcements,2026-04-22T14:51:55.953000+00:00,New Cryptocurrency Listing,OPG,perp_listing_watch,1,7.00000000,Binance Futures Will Launch USDⓈ-Margined OPGUSDT Perpetual Contract (2026-04-22),"new perp venue can change leverage, liquidity, and attention"
2026-06-08T01:07:14.617415+00:00,binance_announcements,2026-04-16T06:14:15.403000+00:00,New Cryptocurrency Listing,CHIP,perp_listing_watch,1,7.00000000,Binance Futures Will Launch USDⓈ-Margined CHIPUSDT Perpetual Contract Pre-Market Trading (2026-04-16),"new perp venue can change leverage, liquidity, and attention"
2026-06-08T01:07:14.617415+00:00,binance_announcements,2026-04-16T02:03:08.861000+00:00,New Cryptocurrency Listing,GENIUS,perp_listing_watch,1,7.00000000,Binance Futures Will Launch USDⓈ-Margined GENIUSUSDT Perpetual Contract (2026-04-16),"new perp venue can change leverage, liquidity, and attention"
2026-06-08T01:07:14.617415+00:00,binance_announcements,2026-04-01T09:51:00.284000+00:00,New Cryptocurrency Listing,PRL,perp_listing_watch,1,7.00000000,Binance Futures Will Launch USDⓈ-Margined PRLUSDT Perpetual Contract (2026-04-01),"new perp venue can change leverage, liquidity, and attention"
2026-06-08T01:07:14.617415+00:00,binance_announcements,2026-03-30T13:00:35.673000+00:00,New Cryptocurrency Listing,BZ,perp_listing_watch,1,7.00000000,"Binance Futures Will Launch USDⓈ-Margined CLUSDT, BZUSDT and NATGASUSDT Perpetual Contracts (2026-04-01)","new perp venue can change leverage, liquidity, and attention"
2026-06-08T01:07:14.617415+00:00,binance_announcements,2026-04-30T10:47:58.718000+00:00,New Cryptocurrency Listing,MEGA,spot_listing_watch,1,6.00000000,"Binance Will Add MegaETH (MEGA) on Earn, Buy Crypto, Convert, VIP Loan, Margin & Futures",new spot venue can change access and attention
2026-06-08T01:07:14.617415+00:00,binance_announcements,2026-04-21T13:00:07.020000+00:00,New Cryptocurrency Listing,CHIP,spot_listing_watch,1,6.00000000,"Binance Will Add Chip (CHIP) on Earn, Buy Crypto, Convert, VIP Loan, Margin & Futures",new spot venue can change access and attention
2026-06-08T01:07:14.617415+00:00,binance_announcements,2026-05-29T08:00:03.554000+00:00,New Cryptocurrency Listing,GENIUS,spot_listing_watch,1,5.00000000,Introducing Genius Terminal (GENIUS) on Binance HODLer Airdrops! Earn GENIUS With Retroactive BNB Simple Earn Subscriptions,new spot venue can change access and attention
2026-06-08T01:07:14.617415+00:00,binance_announcements,2026-05-22T11:45:06.558000+00:00,New Cryptocurrency Listing,GENIUS,spot_listing_watch,1,5.00000000,"Binance Will Add Genius Terminal (GENIUS) and OpenGradient (OPG) on Earn, Buy Crypto, Convert, VIP Loan & Margin",new spot venue can change access and attention
2026-06-08T01:07:14.617415+00:00,binance_announcements,2026-05-22T11:45:06.558000+00:00,New Cryptocurrency Listing,OPG,spot_listing_watch,1,5.00000000,"Binance Will Add Genius Terminal (GENIUS) and OpenGradient (OPG) on Earn, Buy Crypto, Convert, VIP Loan & Margin",new spot venue can change access and attention
2026-06-08T01:07:14.617415+00:00,binance_announcements,2026-05-22T07:18:35.961000+00:00,New Cryptocurrency Listing,GENIUS,spot_listing_watch,1,5.00000000,Binance Will List Genius Terminal (GENIUS) and OpenGradient (OPG) with Seed Tag Applied,new spot venue can change access and attention
2026-06-08T01:07:14.617415+00:00,binance_announcements,2026-05-22T07:18:35.961000+00:00,New Cryptocurrency Listing,OPG,spot_listing_watch,1,5.00000000,Binance Will List Genius Terminal (GENIUS) and OpenGradient (OPG) with Seed Tag Applied,new spot venue can change access and attention
2026-06-08T01:07:14.617415+00:00,binance_announcements,2026-05-21T11:00:02.869000+00:00,New Cryptocurrency Listing,AIGENSYN,spot_listing_watch,1,5.00000000,Introducing Gensyn (AIGENSYN) on Binance HODLer Airdrops! Earn AIGENSYN With Retroactive BNB Simple Earn Subscriptions,new spot venue can change access and attention
2026-06-08T01:07:14.617415+00:00,binance_announcements,2026-05-14T17:04:30.843000+00:00,New Cryptocurrency Listing,AIGENSYN,spot_listing_watch,1,5.00000000,"Binance Will Add Gensyn (AIGENSYN) on Earn, Buy Crypto, Convert, VIP Loan & Margin",new spot venue can change access and attention
2026-06-08T01:07:14.617415+00:00,binance_announcements,2026-05-14T10:00:03.676000+00:00,New Cryptocurrency Listing,AIGENSYN,spot_listing_watch,1,5.00000000,Binance Will List Gensyn (AIGENSYN) with Seed Tag Applied,new spot venue can change access and attention
2026-06-08T01:07:14.617415+00:00,binance_announcements,2026-04-30T09:07:29.704000+00:00,New Cryptocurrency Listing,MEGA,spot_listing_watch,1,5.00000000,Binance Will List MegaETH (MEGA) with Seed Tag Applied,new spot venue can change access and attention
2026-06-08T01:07:14.617415+00:00,binance_announcements,2026-04-28T08:00:03.344000+00:00,New Cryptocurrency Listing,AI,spot_listing_watch,1,5.00000000,Introducing USD.AI (CHIP) on Binance HODLer Airdrops! Earn CHIP With Retroactive BNB Simple Earn Subscriptions,new spot venue can change access and attention
2026-06-08T01:07:14.617415+00:00,binance_announcements,2026-04-28T08:00:03.344000+00:00,New Cryptocurrency Listing,CHIP,spot_listing_watch,1,5.00000000,Introducing USD.AI (CHIP) on Binance HODLer Airdrops! Earn CHIP With Retroactive BNB Simple Earn Subscriptions,new spot venue can change access and attention
2026-06-08T01:07:14.617415+00:00,binance_announcements,2026-04-21T12:00:32.132000+00:00,New Cryptocurrency Listing,CHIP,spot_listing_watch,1,5.00000000,Binance Will List Chip (CHIP) with Seed Tag Applied,new spot venue can change access and attention
2026-06-08T01:07:14.617415+00:00,binance_announcements,2026-05-29T06:00:02.285000+00:00,Delisting,BNBXBT,exchange_removal_watch,-1,4.50000000,"Binance Alpha Will Remove DIGI, K, SKI, JOJO, PLAYSOLANA, 恶俗企鹅, PAL, TYCOON, HIPPO, LN, BNBXBT, BOOM  (2026-05-29)",exchange removal can create forced selling or liquidity withdrawal
2026-06-08T01:07:14.617415+00:00,binance_announcements,2026-05-29T06:00:02.285000+00:00,Delisting,BOOM,exchange_removal_watch,-1,4.50000000,"Binance Alpha Will Remove DIGI, K, SKI, JOJO, PLAYSOLANA, 恶俗企鹅, PAL, TYCOON, HIPPO, LN, BNBXBT, BOOM  (2026-05-29)",exchange removal can create forced selling or liquidity withdrawal
2026-06-08T01:07:14.617415+00:00,binance_announcements,2026-05-29T06:00:02.285000+00:00,Delisting,DIGI,exchange_removal_watch,-1,4.50000000,"Binance Alpha Will Remove DIGI, K, SKI, JOJO, PLAYSOLANA, 恶俗企鹅, PAL, TYCOON, HIPPO, LN, BNBXBT, BOOM  (2026-05-29)",exchange removal can create forced selling or liquidity withdrawal
2026-06-08T01:07:14.617415+00:00,binance_announcements,2026-05-29T06:00:02.285000+00:00,Delisting,HIPPO,exchange_removal_watch,-1,4.50000000,"Binance Alpha Will Remove DIGI, K, SKI, JOJO, PLAYSOLANA, 恶俗企鹅, PAL, TYCOON, HIPPO, LN, BNBXBT, BOOM  (2026-05-29)",exchange removal can create forced selling or liquidity withdrawal
2026-06-08T01:07:14.617415+00:00,binance_announcements,2026-05-29T06:00:02.285000+00:00,Delisting,JOJO,exchange_removal_watch,-1,4.50000000,"Binance Alpha Will Remove DIGI, K, SKI, JOJO, PLAYSOLANA, 恶俗企鹅, PAL, TYCOON, HIPPO, LN, BNBXBT, BOOM  (2026-05-29)",exchange removal can create forced selling or liquidity withdrawal
2026-06-08T01:07:14.617415+00:00,binance_announcements,2026-05-29T06:00:02.285000+00:00,Delisting,LN,exchange_removal_watch,-1,4.50000000,"Binance Alpha Will Remove DIGI, K, SKI, JOJO, PLAYSOLANA, 恶俗企鹅, PAL, TYCOON, HIPPO, LN, BNBXBT, BOOM  (2026-05-29)",exchange removal can create forced selling or liquidity withdrawal
2026-06-08T01:07:14.617415+00:00,binance_announcements,2026-05-29T06:00:02.285000+00:00,Delisting,PAL,exchange_removal_watch,-1,4.50000000,"Binance Alpha Will Remove DIGI, K, SKI, JOJO, PLAYSOLANA, 恶俗企鹅, PAL, TYCOON, HIPPO, LN, BNBXBT, BOOM  (2026-05-29)",exchange removal can create forced selling or liquidity withdrawal
2026-06-08T01:07:14.617415+00:00,binance_announcements,2026-05-29T06:00:02.285000+00:00,Delisting,PLAYSOLANA,exchange_removal_watch,-1,4.50000000,"Binance Alpha Will Remove DIGI, K, SKI, JOJO, PLAYSOLANA, 恶俗企鹅, PAL, TYCOON, HIPPO, LN, BNBXBT, BOOM  (2026-05-29)",exchange removal can create forced selling or liquidity withdrawal
2026-06-08T01:07:14.617415+00:00,binance_announcements,2026-05-29T06:00:02.285000+00:00,Delisting,SKI,exchange_removal_watch,-1,4.50000000,"Binance Alpha Will Remove DIGI, K, SKI, JOJO, PLAYSOLANA, 恶俗企鹅, PAL, TYCOON, HIPPO, LN, BNBXBT, BOOM  (2026-05-29)",exchange removal can create forced selling or liquidity withdrawal
2026-06-08T01:07:14.617415+00:00,binance_announcements,2026-05-29T06:00:02.285000+00:00,Delisting,TYCOON,exchange_removal_watch,-1,4.50000000,"Binance Alpha Will Remove DIGI, K, SKI, JOJO, PLAYSOLANA, 恶俗企鹅, PAL, TYCOON, HIPPO, LN, BNBXBT, BOOM  (2026-05-29)",exchange removal can create forced selling or liquidity withdrawal
2026-06-08T01:07:14.617415+00:00,binance_announcements,2026-05-14T06:00:02.917000+00:00,Delisting,ARIAIP,exchange_removal_watch,-1,4.50000000,"Binance Alpha Will Remove PRAI, COMMON, PINGPONG, TAKER, JANITOR, GATA, KLINK, CORL, SWTCH, ARIAIP, LONG, ZKWASM, GORILLA, ECHO, LITKEY, FIR, GM, DELABS, DONKEY, WHY (2026-05-14)",exchange removal can create forced selling or liquidity withdrawal
2026-06-08T01:07:14.617415+00:00,binance_announcements,2026-05-14T06:00:02.917000+00:00,Delisting,COMMON,exchange_removal_watch,-1,4.50000000,"Binance Alpha Will Remove PRAI, COMMON, PINGPONG, TAKER, JANITOR, GATA, KLINK, CORL, SWTCH, ARIAIP, LONG, ZKWASM, GORILLA, ECHO, LITKEY, FIR, GM, DELABS, DONKEY, WHY (2026-05-14)",exchange removal can create forced selling or liquidity withdrawal
2026-06-08T01:07:14.617415+00:00,binance_announcements,2026-05-14T06:00:02.917000+00:00,Delisting,CORL,exchange_removal_watch,-1,4.50000000,"Binance Alpha Will Remove PRAI, COMMON, PINGPONG, TAKER, JANITOR, GATA, KLINK, CORL, SWTCH, ARIAIP, LONG, ZKWASM, GORILLA, ECHO, LITKEY, FIR, GM, DELABS, DONKEY, WHY (2026-05-14)",exchange removal can create forced selling or liquidity withdrawal
2026-06-08T01:07:14.617415+00:00,binance_announcements,2026-05-14T06:00:02.917000+00:00,Delisting,DELABS,exchange_removal_watch,-1,4.50000000,"Binance Alpha Will Remove PRAI, COMMON, PINGPONG, TAKER, JANITOR, GATA, KLINK, CORL, SWTCH, ARIAIP, LONG, ZKWASM, GORILLA, ECHO, LITKEY, FIR, GM, DELABS, DONKEY, WHY (2026-05-14)",exchange removal can create forced selling or liquidity withdrawal
2026-06-08T01:07:14.617415+00:00,binance_announcements,2026-05-14T06:00:02.917000+00:00,Delisting,DONKEY,exchange_removal_watch,-1,4.50000000,"Binance Alpha Will Remove PRAI, COMMON, PINGPONG, TAKER, JANITOR, GATA, KLINK, CORL, SWTCH, ARIAIP, LONG, ZKWASM, GORILLA, ECHO, LITKEY, FIR, GM, DELABS, DONKEY, WHY (2026-05-14)",exchange removal can create forced selling or liquidity withdrawal
2026-06-08T01:07:14.617415+00:00,binance_announcements,2026-05-14T06:00:02.917000+00:00,Delisting,ECHO,exchange_removal_watch,-1,4.50000000,"Binance Alpha Will Remove PRAI, COMMON, PINGPONG, TAKER, JANITOR, GATA, KLINK, CORL, SWTCH, ARIAIP, LONG, ZKWASM, GORILLA, ECHO, LITKEY, FIR, GM, DELABS, DONKEY, WHY (2026-05-14)",exchange removal can create forced selling or liquidity withdrawal
2026-06-08T01:07:14.617415+00:00,binance_announcements,2026-05-14T06:00:02.917000+00:00,Delisting,FIR,exchange_removal_watch,-1,4.50000000,"Binance Alpha Will Remove PRAI, COMMON, PINGPONG, TAKER, JANITOR, GATA, KLINK, CORL, SWTCH, ARIAIP, LONG, ZKWASM, GORILLA, ECHO, LITKEY, FIR, GM, DELABS, DONKEY, WHY (2026-05-14)",exchange removal can create forced selling or liquidity withdrawal
2026-06-08T01:07:14.617415+00:00,binance_announcements,2026-05-14T06:00:02.917000+00:00,Delisting,GATA,exchange_removal_watch,-1,4.50000000,"Binance Alpha Will Remove PRAI, COMMON, PINGPONG, TAKER, JANITOR, GATA, KLINK, CORL, SWTCH, ARIAIP, LONG, ZKWASM, GORILLA, ECHO, LITKEY, FIR, GM, DELABS, DONKEY, WHY (2026-05-14)",exchange removal can create forced selling or liquidity withdrawal
2026-06-08T01:07:14.617415+00:00,binance_announcements,2026-05-14T06:00:02.917000+00:00,Delisting,GM,exchange_removal_watch,-1,4.50000000,"Binance Alpha Will Remove PRAI, COMMON, PINGPONG, TAKER, JANITOR, GATA, KLINK, CORL, SWTCH, ARIAIP, LONG, ZKWASM, GORILLA, ECHO, LITKEY, FIR, GM, DELABS, DONKEY, WHY (2026-05-14)",exchange removal can create forced selling or liquidity withdrawal
2026-06-08T01:07:14.617415+00:00,binance_announcements,2026-05-14T06:00:02.917000+00:00,Delisting,GORILLA,exchange_removal_watch,-1,4.50000000,"Binance Alpha Will Remove PRAI, COMMON, PINGPONG, TAKER, JANITOR, GATA, KLINK, CORL, SWTCH, ARIAIP, LONG, ZKWASM, GORILLA, ECHO, LITKEY, FIR, GM, DELABS, DONKEY, WHY (2026-05-14)",exchange removal can create forced selling or liquidity withdrawal
2026-06-08T01:07:14.617415+00:00,binance_announcements,2026-05-14T06:00:02.917000+00:00,Delisting,JANITOR,exchange_removal_watch,-1,4.50000000,"Binance Alpha Will Remove PRAI, COMMON, PINGPONG, TAKER, JANITOR, GATA, KLINK, CORL, SWTCH, ARIAIP, LONG, ZKWASM, GORILLA, ECHO, LITKEY, FIR, GM, DELABS, DONKEY, WHY (2026-05-14)",exchange removal can create forced selling or liquidity withdrawal
2026-06-08T01:07:14.617415+00:00,binance_announcements,2026-05-14T06:00:02.917000+00:00,Delisting,KLINK,exchange_removal_watch,-1,4.50000000,"Binance Alpha Will Remove PRAI, COMMON, PINGPONG, TAKER, JANITOR, GATA, KLINK, CORL, SWTCH, ARIAIP, LONG, ZKWASM, GORILLA, ECHO, LITKEY, FIR, GM, DELABS, DONKEY, WHY (2026-05-14)",exchange removal can create forced selling or liquidity withdrawal
2026-06-08T01:07:14.617415+00:00,binance_announcements,2026-05-14T06:00:02.917000+00:00,Delisting,LITKEY,exchange_removal_watch,-1,4.50000000,"Binance Alpha Will Remove PRAI, COMMON, PINGPONG, TAKER, JANITOR, GATA, KLINK, CORL, SWTCH, ARIAIP, LONG, ZKWASM, GORILLA, ECHO, LITKEY, FIR, GM, DELABS, DONKEY, WHY (2026-05-14)",exchange removal can create forced selling or liquidity withdrawal
2026-06-08T01:07:14.617415+00:00,binance_announcements,2026-05-14T06:00:02.917000+00:00,Delisting,LONG,exchange_removal_watch,-1,4.50000000,"Binance Alpha Will Remove PRAI, COMMON, PINGPONG, TAKER, JANITOR, GATA, KLINK, CORL, SWTCH, ARIAIP, LONG, ZKWASM, GORILLA, ECHO, LITKEY, FIR, GM, DELABS, DONKEY, WHY (2026-05-14)",exchange removal can create forced selling or liquidity withdrawal
2026-06-08T01:07:14.617415+00:00,binance_announcements,2026-05-14T06:00:02.917000+00:00,Delisting,PINGPONG,exchange_removal_watch,-1,4.50000000,"Binance Alpha Will Remove PRAI, COMMON, PINGPONG, TAKER, JANITOR, GATA, KLINK, CORL, SWTCH, ARIAIP, LONG, ZKWASM, GORILLA, ECHO, LITKEY, FIR, GM, DELABS, DONKEY, WHY (2026-05-14)",exchange removal can create forced selling or liquidity withdrawal
2026-06-08T01:07:14.617415+00:00,binance_announcements,2026-05-14T06:00:02.917000+00:00,Delisting,PRAI,exchange_removal_watch,-1,4.50000000,"Binance Alpha Will Remove PRAI, COMMON, PINGPONG, TAKER, JANITOR, GATA, KLINK, CORL, SWTCH, ARIAIP, LONG, ZKWASM, GORILLA, ECHO, LITKEY, FIR, GM, DELABS, DONKEY, WHY (2026-05-14)",exchange removal can create forced selling or liquidity withdrawal
2026-06-08T01:07:14.617415+00:00,binance_announcements,2026-05-14T06:00:02.917000+00:00,Delisting,SWTCH,exchange_removal_watch,-1,4.50000000,"Binance Alpha Will Remove PRAI, COMMON, PINGPONG, TAKER, JANITOR, GATA, KLINK, CORL, SWTCH, ARIAIP, LONG, ZKWASM, GORILLA, ECHO, LITKEY, FIR, GM, DELABS, DONKEY, WHY (2026-05-14)",exchange removal can create forced selling or liquidity withdrawal
2026-06-08T01:07:14.617415+00:00,binance_announcements,2026-05-14T06:00:02.917000+00:00,Delisting,TAKER,exchange_removal_watch,-1,4.50000000,"Binance Alpha Will Remove PRAI, COMMON, PINGPONG, TAKER, JANITOR, GATA, KLINK, CORL, SWTCH, ARIAIP, LONG, ZKWASM, GORILLA, ECHO, LITKEY, FIR, GM, DELABS, DONKEY, WHY (2026-05-14)",exchange removal can create forced selling or liquidity withdrawal
2026-06-08T01:07:14.617415+00:00,binance_announcements,2026-05-14T06:00:02.917000+00:00,Delisting,WHY,exchange_removal_watch,-1,4.50000000,"Binance Alpha Will Remove PRAI, COMMON, PINGPONG, TAKER, JANITOR, GATA, KLINK, CORL, SWTCH, ARIAIP, LONG, ZKWASM, GORILLA, ECHO, LITKEY, FIR, GM, DELABS, DONKEY, WHY (2026-05-14)",exchange removal can create forced selling or liquidity withdrawal
2026-06-08T01:07:14.617415+00:00,binance_announcements,2026-05-14T06:00:02.917000+00:00,Delisting,ZKWASM,exchange_removal_watch,-1,4.50000000,"Binance Alpha Will Remove PRAI, COMMON, PINGPONG, TAKER, JANITOR, GATA, KLINK, CORL, SWTCH, ARIAIP, LONG, ZKWASM, GORILLA, ECHO, LITKEY, FIR, GM, DELABS, DONKEY, WHY (2026-05-14)",exchange removal can create forced selling or liquidity withdrawal
2026-06-08T01:07:14.617415+00:00,binance_announcements,2026-04-30T09:33:15.547000+00:00,Delisting,AICELL,exchange_removal_watch,-1,4.50000000,"Binance Alpha Will Remove REX, XO, TANSSI, DARKSTAR, YALA, RCADE, RDAC, SKATE, OVL, SLAY, Ghibli (SOL), Ghibli (BSC), PHY, VLR, SVSA, WBAI, EDGEN, FAIR3, MM, BUBB, AICELL, XLAB, SIGHT (2026-04-30)",exchange removal can create forced selling or liquidity withdrawal
2026-06-08T01:07:14.617415+00:00,binance_announcements,2026-04-30T09:33:15.547000+00:00,Delisting,BSC,exchange_removal_watch,-1,4.50000000,"Binance Alpha Will Remove REX, XO, TANSSI, DARKSTAR, YALA, RCADE, RDAC, SKATE, OVL, SLAY, Ghibli (SOL), Ghibli (BSC), PHY, VLR, SVSA, WBAI, EDGEN, FAIR3, MM, BUBB, AICELL, XLAB, SIGHT (2026-04-30)",exchange removal can create forced selling or liquidity withdrawal
2026-06-08T01:07:14.617415+00:00,binance_announcements,2026-04-30T09:33:15.547000+00:00,Delisting,BUBB,exchange_removal_watch,-1,4.50000000,"Binance Alpha Will Remove REX, XO, TANSSI, DARKSTAR, YALA, RCADE, RDAC, SKATE, OVL, SLAY, Ghibli (SOL), Ghibli (BSC), PHY, VLR, SVSA, WBAI, EDGEN, FAIR3, MM, BUBB, AICELL, XLAB, SIGHT (2026-04-30)",exchange removal can create forced selling or liquidity withdrawal
2026-06-08T01:07:14.617415+00:00,binance_announcements,2026-04-30T09:33:15.547000+00:00,Delisting,DARKSTAR,exchange_removal_watch,-1,4.50000000,"Binance Alpha Will Remove REX, XO, TANSSI, DARKSTAR, YALA, RCADE, RDAC, SKATE, OVL, SLAY, Ghibli (SOL), Ghibli (BSC), PHY, VLR, SVSA, WBAI, EDGEN, FAIR3, MM, BUBB, AICELL, XLAB, SIGHT (2026-04-30)",exchange removal can create forced selling or liquidity withdrawal
2026-06-08T01:07:14.617415+00:00,binance_announcements,2026-04-30T09:33:15.547000+00:00,Delisting,EDGEN,exchange_removal_watch,-1,4.50000000,"Binance Alpha Will Remove REX, XO, TANSSI, DARKSTAR, YALA, RCADE, RDAC, SKATE, OVL, SLAY, Ghibli (SOL), Ghibli (BSC), PHY, VLR, SVSA, WBAI, EDGEN, FAIR3, MM, BUBB, AICELL, XLAB, SIGHT (2026-04-30)",exchange removal can create forced selling or liquidity withdrawal
2026-06-08T01:07:14.617415+00:00,binance_announcements,2026-04-30T09:33:15.547000+00:00,Delisting,FAIR3,exchange_removal_watch,-1,4.50000000,"Binance Alpha Will Remove REX, XO, TANSSI, DARKSTAR, YALA, RCADE, RDAC, SKATE, OVL, SLAY, Ghibli (SOL), Ghibli (BSC), PHY, VLR, SVSA, WBAI, EDGEN, FAIR3, MM, BUBB, AICELL, XLAB, SIGHT (2026-04-30)",exchange removal can create forced selling or liquidity withdrawal
2026-06-08T01:07:14.617415+00:00,binance_announcements,2026-04-30T09:33:15.547000+00:00,Delisting,MM,exchange_removal_watch,-1,4.50000000,"Binance Alpha Will Remove REX, XO, TANSSI, DARKSTAR, YALA, RCADE, RDAC, SKATE, OVL, SLAY, Ghibli (SOL), Ghibli (BSC), PHY, VLR, SVSA, WBAI, EDGEN, FAIR3, MM, BUBB, AICELL, XLAB, SIGHT (2026-04-30)",exchange removal can create forced selling or liquidity withdrawal
2026-06-08T01:07:14.617415+00:00,binance_announcements,2026-04-30T09:33:15.547000+00:00,Delisting,OVL,exchange_removal_watch,-1,4.50000000,"Binance Alpha Will Remove REX, XO, TANSSI, DARKSTAR, YALA, RCADE, RDAC, SKATE, OVL, SLAY, Ghibli (SOL), Ghibli (BSC), PHY, VLR, SVSA, WBAI, EDGEN, FAIR3, MM, BUBB, AICELL, XLAB, SIGHT (2026-04-30)",exchange removal can create forced selling or liquidity withdrawal
2026-06-08T01:07:14.617415+00:00,binance_announcements,2026-04-30T09:33:15.547000+00:00,Delisting,PHY,exchange_removal_watch,-1,4.50000000,"Binance Alpha Will Remove REX, XO, TANSSI, DARKSTAR, YALA, RCADE, RDAC, SKATE, OVL, SLAY, Ghibli (SOL), Ghibli (BSC), PHY, VLR, SVSA, WBAI, EDGEN, FAIR3, MM, BUBB, AICELL, XLAB, SIGHT (2026-04-30)",exchange removal can create forced selling or liquidity withdrawal
2026-06-08T01:07:14.617415+00:00,binance_announcements,2026-04-30T09:33:15.547000+00:00,Delisting,RCADE,exchange_removal_watch,-1,4.50000000,"Binance Alpha Will Remove REX, XO, TANSSI, DARKSTAR, YALA, RCADE, RDAC, SKATE, OVL, SLAY, Ghibli (SOL), Ghibli (BSC), PHY, VLR, SVSA, WBAI, EDGEN, FAIR3, MM, BUBB, AICELL, XLAB, SIGHT (2026-04-30)",exchange removal can create forced selling or liquidity withdrawal
2026-06-08T01:07:14.617415+00:00,binance_announcements,2026-04-30T09:33:15.547000+00:00,Delisting,RDAC,exchange_removal_watch,-1,4.50000000,"Binance Alpha Will Remove REX, XO, TANSSI, DARKSTAR, YALA, RCADE, RDAC, SKATE, OVL, SLAY, Ghibli (SOL), Ghibli (BSC), PHY, VLR, SVSA, WBAI, EDGEN, FAIR3, MM, BUBB, AICELL, XLAB, SIGHT (2026-04-30)",exchange removal can create forced selling or liquidity withdrawal
2026-06-08T01:07:14.617415+00:00,binance_announcements,2026-04-30T09:33:15.547000+00:00,Delisting,REX,exchange_removal_watch,-1,4.50000000,"Binance Alpha Will Remove REX, XO, TANSSI, DARKSTAR, YALA, RCADE, RDAC, SKATE, OVL, SLAY, Ghibli (SOL), Ghibli (BSC), PHY, VLR, SVSA, WBAI, EDGEN, FAIR3, MM, BUBB, AICELL, XLAB, SIGHT (2026-04-30)",exchange removal can create forced selling or liquidity withdrawal
2026-06-08T01:07:14.617415+00:00,binance_announcements,2026-04-30T09:33:15.547000+00:00,Delisting,SIGHT,exchange_removal_watch,-1,4.50000000,"Binance Alpha Will Remove REX, XO, TANSSI, DARKSTAR, YALA, RCADE, RDAC, SKATE, OVL, SLAY, Ghibli (SOL), Ghibli (BSC), PHY, VLR, SVSA, WBAI, EDGEN, FAIR3, MM, BUBB, AICELL, XLAB, SIGHT (2026-04-30)",exchange removal can create forced selling or liquidity withdrawal
2026-06-08T01:07:14.617415+00:00,binance_announcements,2026-04-30T09:33:15.547000+00:00,Delisting,SKATE,exchange_removal_watch,-1,4.50000000,"Binance Alpha Will Remove REX, XO, TANSSI, DARKSTAR, YALA, RCADE, RDAC, SKATE, OVL, SLAY, Ghibli (SOL), Ghibli (BSC), PHY, VLR, SVSA, WBAI, EDGEN, FAIR3, MM, BUBB, AICELL, XLAB, SIGHT (2026-04-30)",exchange removal can create forced selling or liquidity withdrawal
2026-06-08T01:07:14.617415+00:00,binance_announcements,2026-04-30T09:33:15.547000+00:00,Delisting,SLAY,exchange_removal_watch,-1,4.50000000,"Binance Alpha Will Remove REX, XO, TANSSI, DARKSTAR, YALA, RCADE, RDAC, SKATE, OVL, SLAY, Ghibli (SOL), Ghibli (BSC), PHY, VLR, SVSA, WBAI, EDGEN, FAIR3, MM, BUBB, AICELL, XLAB, SIGHT (2026-04-30)",exchange removal can create forced selling or liquidity withdrawal
2026-06-08T01:07:14.617415+00:00,binance_announcements,2026-04-30T09:33:15.547000+00:00,Delisting,SOL,exchange_removal_watch,-1,4.50000000,"Binance Alpha Will Remove REX, XO, TANSSI, DARKSTAR, YALA, RCADE, RDAC, SKATE, OVL, SLAY, Ghibli (SOL), Ghibli (BSC), PHY, VLR, SVSA, WBAI, EDGEN, FAIR3, MM, BUBB, AICELL, XLAB, SIGHT (2026-04-30)",exchange removal can create forced selling or liquidity withdrawal
2026-06-08T01:07:14.617415+00:00,binance_announcements,2026-04-30T09:33:15.547000+00:00,Delisting,SVSA,exchange_removal_watch,-1,4.50000000,"Binance Alpha Will Remove REX, XO, TANSSI, DARKSTAR, YALA, RCADE, RDAC, SKATE, OVL, SLAY, Ghibli (SOL), Ghibli (BSC), PHY, VLR, SVSA, WBAI, EDGEN, FAIR3, MM, BUBB, AICELL, XLAB, SIGHT (2026-04-30)",exchange removal can create forced selling or liquidity withdrawal
2026-06-08T01:07:14.617415+00:00,binance_announcements,2026-04-30T09:33:15.547000+00:00,Delisting,TANSSI,exchange_removal_watch,-1,4.50000000,"Binance Alpha Will Remove REX, XO, TANSSI, DARKSTAR, YALA, RCADE, RDAC, SKATE, OVL, SLAY, Ghibli (SOL), Ghibli (BSC), PHY, VLR, SVSA, WBAI, EDGEN, FAIR3, MM, BUBB, AICELL, XLAB, SIGHT (2026-04-30)",exchange removal can create forced selling or liquidity withdrawal
2026-06-08T01:07:14.617415+00:00,binance_announcements,2026-04-30T09:33:15.547000+00:00,Delisting,VLR,exchange_removal_watch,-1,4.50000000,"Binance Alpha Will Remove REX, XO, TANSSI, DARKSTAR, YALA, RCADE, RDAC, SKATE, OVL, SLAY, Ghibli (SOL), Ghibli (BSC), PHY, VLR, SVSA, WBAI, EDGEN, FAIR3, MM, BUBB, AICELL, XLAB, SIGHT (2026-04-30)",exchange removal can create forced selling or liquidity withdrawal
2026-06-08T01:07:14.617415+00:00,binance_announcements,2026-04-30T09:33:15.547000+00:00,Delisting,WBAI,exchange_removal_watch,-1,4.50000000,"Binance Alpha Will Remove REX, XO, TANSSI, DARKSTAR, YALA, RCADE, RDAC, SKATE, OVL, SLAY, Ghibli (SOL), Ghibli (BSC), PHY, VLR, SVSA, WBAI, EDGEN, FAIR3, MM, BUBB, AICELL, XLAB, SIGHT (2026-04-30)",exchange removal can create forced selling or liquidity withdrawal
2026-06-08T01:07:14.617415+00:00,binance_announcements,2026-04-30T09:33:15.547000+00:00,Delisting,XLAB,exchange_removal_watch,-1,4.50000000,"Binance Alpha Will Remove REX, XO, TANSSI, DARKSTAR, YALA, RCADE, RDAC, SKATE, OVL, SLAY, Ghibli (SOL), Ghibli (BSC), PHY, VLR, SVSA, WBAI, EDGEN, FAIR3, MM, BUBB, AICELL, XLAB, SIGHT (2026-04-30)",exchange removal can create forced selling or liquidity withdrawal
2026-06-08T01:07:14.617415+00:00,binance_announcements,2026-04-30T09:33:15.547000+00:00,Delisting,XO,exchange_removal_watch,-1,4.50000000,"Binance Alpha Will Remove REX, XO, TANSSI, DARKSTAR, YALA, RCADE, RDAC, SKATE, OVL, SLAY, Ghibli (SOL), Ghibli (BSC), PHY, VLR, SVSA, WBAI, EDGEN, FAIR3, MM, BUBB, AICELL, XLAB, SIGHT (2026-04-30)",exchange removal can create forced selling or liquidity withdrawal
2026-06-08T01:07:14.617415+00:00,binance_announcements,2026-04-30T09:33:15.547000+00:00,Delisting,YALA,exchange_removal_watch,-1,4.50000000,"Binance Alpha Will Remove REX, XO, TANSSI, DARKSTAR, YALA, RCADE, RDAC, SKATE, OVL, SLAY, Ghibli (SOL), Ghibli (BSC), PHY, VLR, SVSA, WBAI, EDGEN, FAIR3, MM, BUBB, AICELL, XLAB, SIGHT (2026-04-30)",exchange removal can create forced selling or liquidity withdrawal
2026-06-08T01:07:14.617415+00:00,binance_announcements,2026-04-14T02:00:01.137000+00:00,Delisting,UTK,exchange_removal_watch,-1,4.50000000,Binance Will Delist UTK and Support Rebranding and Airdrop Plan on Binance Alpha,exchange removal can create forced selling or liquidity withdrawal
2026-06-08T01:07:14.617415+00:00,binance_announcements,2026-03-12T12:00:09.568000+00:00,Delisting,AFT,exchange_removal_watch,-1,4.50000000,"Binance Alpha Will Remove MIRROR, SHARDS, FST, DGC, COA, ULTI, TGT, AGON, BNB Card, AFT, PFVS, SGC, RDO, ELDE, MILK, TAT, BOT, SSS, SUBHUB, PLANCK, OOOO (2026-03-12)",exchange removal can create forced selling or liquidity withdrawal
2026-06-08T01:07:14.617415+00:00,binance_announcements,2026-03-12T12:00:09.568000+00:00,Delisting,AGON,exchange_removal_watch,-1,4.50000000,"Binance Alpha Will Remove MIRROR, SHARDS, FST, DGC, COA, ULTI, TGT, AGON, BNB Card, AFT, PFVS, SGC, RDO, ELDE, MILK, TAT, BOT, SSS, SUBHUB, PLANCK, OOOO (2026-03-12)",exchange removal can create forced selling or liquidity withdrawal
2026-06-08T01:07:14.617415+00:00,binance_announcements,2026-03-12T12:00:09.568000+00:00,Delisting,BOT,exchange_removal_watch,-1,4.50000000,"Binance Alpha Will Remove MIRROR, SHARDS, FST, DGC, COA, ULTI, TGT, AGON, BNB Card, AFT, PFVS, SGC, RDO, ELDE, MILK, TAT, BOT, SSS, SUBHUB, PLANCK, OOOO (2026-03-12)",exchange removal can create forced selling or liquidity withdrawal
2026-06-08T01:07:14.617415+00:00,binance_announcements,2026-03-12T12:00:09.568000+00:00,Delisting,COA,exchange_removal_watch,-1,4.50000000,"Binance Alpha Will Remove MIRROR, SHARDS, FST, DGC, COA, ULTI, TGT, AGON, BNB Card, AFT, PFVS, SGC, RDO, ELDE, MILK, TAT, BOT, SSS, SUBHUB, PLANCK, OOOO (2026-03-12)",exchange removal can create forced selling or liquidity withdrawal
2026-06-08T01:07:14.617415+00:00,binance_announcements,2026-03-12T12:00:09.568000+00:00,Delisting,DGC,exchange_removal_watch,-1,4.50000000,"Binance Alpha Will Remove MIRROR, SHARDS, FST, DGC, COA, ULTI, TGT, AGON, BNB Card, AFT, PFVS, SGC, RDO, ELDE, MILK, TAT, BOT, SSS, SUBHUB, PLANCK, OOOO (2026-03-12)",exchange removal can create forced selling or liquidity withdrawal
2026-06-08T01:07:14.617415+00:00,binance_announcements,2026-03-12T12:00:09.568000+00:00,Delisting,ELDE,exchange_removal_watch,-1,4.50000000,"Binance Alpha Will Remove MIRROR, SHARDS, FST, DGC, COA, ULTI, TGT, AGON, BNB Card, AFT, PFVS, SGC, RDO, ELDE, MILK, TAT, BOT, SSS, SUBHUB, PLANCK, OOOO (2026-03-12)",exchange removal can create forced selling or liquidity withdrawal
2026-06-08T01:07:14.617415+00:00,binance_announcements,2026-03-12T12:00:09.568000+00:00,Delisting,FST,exchange_removal_watch,-1,4.50000000,"Binance Alpha Will Remove MIRROR, SHARDS, FST, DGC, COA, ULTI, TGT, AGON, BNB Card, AFT, PFVS, SGC, RDO, ELDE, MILK, TAT, BOT, SSS, SUBHUB, PLANCK, OOOO (2026-03-12)",exchange removal can create forced selling or liquidity withdrawal
2026-06-08T01:07:14.617415+00:00,binance_announcements,2026-03-12T12:00:09.568000+00:00,Delisting,MILK,exchange_removal_watch,-1,4.50000000,"Binance Alpha Will Remove MIRROR, SHARDS, FST, DGC, COA, ULTI, TGT, AGON, BNB Card, AFT, PFVS, SGC, RDO, ELDE, MILK, TAT, BOT, SSS, SUBHUB, PLANCK, OOOO (2026-03-12)",exchange removal can create forced selling or liquidity withdrawal
2026-06-08T01:07:14.617415+00:00,binance_announcements,2026-03-12T12:00:09.568000+00:00,Delisting,MIRROR,exchange_removal_watch,-1,4.50000000,"Binance Alpha Will Remove MIRROR, SHARDS, FST, DGC, COA, ULTI, TGT, AGON, BNB Card, AFT, PFVS, SGC, RDO, ELDE, MILK, TAT, BOT, SSS, SUBHUB, PLANCK, OOOO (2026-03-12)",exchange removal can create forced selling or liquidity withdrawal
2026-06-08T01:07:14.617415+00:00,binance_announcements,2026-03-12T12:00:09.568000+00:00,Delisting,OOOO,exchange_removal_watch,-1,4.50000000,"Binance Alpha Will Remove MIRROR, SHARDS, FST, DGC, COA, ULTI, TGT, AGON, BNB Card, AFT, PFVS, SGC, RDO, ELDE, MILK, TAT, BOT, SSS, SUBHUB, PLANCK, OOOO (2026-03-12)",exchange removal can create forced selling or liquidity withdrawal
2026-06-08T01:07:14.617415+00:00,binance_announcements,2026-03-12T12:00:09.568000+00:00,Delisting,PFVS,exchange_removal_watch,-1,4.50000000,"Binance Alpha Will Remove MIRROR, SHARDS, FST, DGC, COA, ULTI, TGT, AGON, BNB Card, AFT, PFVS, SGC, RDO, ELDE, MILK, TAT, BOT, SSS, SUBHUB, PLANCK, OOOO (2026-03-12)",exchange removal can create forced selling or liquidity withdrawal
2026-06-08T01:07:14.617415+00:00,binance_announcements,2026-03-12T12:00:09.568000+00:00,Delisting,PLANCK,exchange_removal_watch,-1,4.50000000,"Binance Alpha Will Remove MIRROR, SHARDS, FST, DGC, COA, ULTI, TGT, AGON, BNB Card, AFT, PFVS, SGC, RDO, ELDE, MILK, TAT, BOT, SSS, SUBHUB, PLANCK, OOOO (2026-03-12)",exchange removal can create forced selling or liquidity withdrawal
2026-06-08T01:07:14.617415+00:00,binance_announcements,2026-03-12T12:00:09.568000+00:00,Delisting,RDO,exchange_removal_watch,-1,4.50000000,"Binance Alpha Will Remove MIRROR, SHARDS, FST, DGC, COA, ULTI, TGT, AGON, BNB Card, AFT, PFVS, SGC, RDO, ELDE, MILK, TAT, BOT, SSS, SUBHUB, PLANCK, OOOO (2026-03-12)",exchange removal can create forced selling or liquidity withdrawal
2026-06-08T01:07:14.617415+00:00,binance_announcements,2026-03-12T12:00:09.568000+00:00,Delisting,SGC,exchange_removal_watch,-1,4.50000000,"Binance Alpha Will Remove MIRROR, SHARDS, FST, DGC, COA, ULTI, TGT, AGON, BNB Card, AFT, PFVS, SGC, RDO, ELDE, MILK, TAT, BOT, SSS, SUBHUB, PLANCK, OOOO (2026-03-12)",exchange removal can create forced selling or liquidity withdrawal
2026-06-08T01:07:14.617415+00:00,binance_announcements,2026-03-12T12:00:09.568000+00:00,Delisting,SHARDS,exchange_removal_watch,-1,4.50000000,"Binance Alpha Will Remove MIRROR, SHARDS, FST, DGC, COA, ULTI, TGT, AGON, BNB Card, AFT, PFVS, SGC, RDO, ELDE, MILK, TAT, BOT, SSS, SUBHUB, PLANCK, OOOO (2026-03-12)",exchange removal can create forced selling or liquidity withdrawal
2026-06-08T01:07:14.617415+00:00,binance_announcements,2026-03-12T12:00:09.568000+00:00,Delisting,SSS,exchange_removal_watch,-1,4.50000000,"Binance Alpha Will Remove MIRROR, SHARDS, FST, DGC, COA, ULTI, TGT, AGON, BNB Card, AFT, PFVS, SGC, RDO, ELDE, MILK, TAT, BOT, SSS, SUBHUB, PLANCK, OOOO (2026-03-12)",exchange removal can create forced selling or liquidity withdrawal
2026-06-08T01:07:14.617415+00:00,binance_announcements,2026-03-12T12:00:09.568000+00:00,Delisting,SUBHUB,exchange_removal_watch,-1,4.50000000,"Binance Alpha Will Remove MIRROR, SHARDS, FST, DGC, COA, ULTI, TGT, AGON, BNB Card, AFT, PFVS, SGC, RDO, ELDE, MILK, TAT, BOT, SSS, SUBHUB, PLANCK, OOOO (2026-03-12)",exchange removal can create forced selling or liquidity withdrawal
2026-06-08T01:07:14.617415+00:00,binance_announcements,2026-03-12T12:00:09.568000+00:00,Delisting,TAT,exchange_removal_watch,-1,4.50000000,"Binance Alpha Will Remove MIRROR, SHARDS, FST, DGC, COA, ULTI, TGT, AGON, BNB Card, AFT, PFVS, SGC, RDO, ELDE, MILK, TAT, BOT, SSS, SUBHUB, PLANCK, OOOO (2026-03-12)",exchange removal can create forced selling or liquidity withdrawal
2026-06-08T01:07:14.617415+00:00,binance_announcements,2026-03-12T12:00:09.568000+00:00,Delisting,TGT,exchange_removal_watch,-1,4.50000000,"Binance Alpha Will Remove MIRROR, SHARDS, FST, DGC, COA, ULTI, TGT, AGON, BNB Card, AFT, PFVS, SGC, RDO, ELDE, MILK, TAT, BOT, SSS, SUBHUB, PLANCK, OOOO (2026-03-12)",exchange removal can create forced selling or liquidity withdrawal
2026-06-08T01:07:14.617415+00:00,binance_announcements,2026-03-12T12:00:09.568000+00:00,Delisting,ULTI,exchange_removal_watch,-1,4.50000000,"Binance Alpha Will Remove MIRROR, SHARDS, FST, DGC, COA, ULTI, TGT, AGON, BNB Card, AFT, PFVS, SGC, RDO, ELDE, MILK, TAT, BOT, SSS, SUBHUB, PLANCK, OOOO (2026-03-12)",exchange removal can create forced selling or liquidity withdrawal
2026-06-08T01:07:14.617415+00:00,binance_announcements,2026-06-05T07:00:07.472000+00:00,Delisting,COS,exchange_removal_watch,-1,4.00000000,"Binance Will Delist COS, D, HIGH, MBOX on 2026-06-19",exchange removal can create forced selling or liquidity withdrawal
2026-06-08T01:07:14.617415+00:00,binance_announcements,2026-06-05T07:00:07.472000+00:00,Delisting,HIGH,exchange_removal_watch,-1,4.00000000,"Binance Will Delist COS, D, HIGH, MBOX on 2026-06-19",exchange removal can create forced selling or liquidity withdrawal
2026-06-08T01:07:14.617415+00:00,binance_announcements,2026-06-05T07:00:07.472000+00:00,Delisting,MBOX,exchange_removal_watch,-1,4.00000000,"Binance Will Delist COS, D, HIGH, MBOX on 2026-06-19",exchange removal can create forced selling or liquidity withdrawal
2026-06-08T01:07:14.617415+00:00,okx_announcements,2026-05-27T05:00:00.000Z,OKX Announcements,IRYS,spot_listing_watch,1,4.00000000,OKX will launch IRYS/USD for spot trading,new spot venue can change access and attention
2026-06-08T01:07:14.617415+00:00,okx_announcements,2026-05-27T05:00:00.000Z,OKX Announcements,IRYS,spot_listing_watch,1,4.00000000,OKX to list IRYS/USDT (Irys) for spot trading,new spot venue can change access and attention
2026-06-08T01:07:14.617415+00:00,okx_announcements,2026-05-26T08:00:00.000Z,OKX Announcements,MAJOR,exchange_removal_watch,-1,4.00000000,OKX to delist MAJOR and J spot trading pairs,exchange removal can create forced selling or liquidity withdrawal
2026-06-08T01:07:14.617415+00:00,okx_announcements,2026-05-22T07:30:00.000Z,OKX Announcements,AI,spot_listing_watch,1,4.00000000,OKX will launch AI/USD for spot trading,new spot venue can change access and attention
2026-06-08T01:07:14.617415+00:00,okx_announcements,2026-05-22T07:30:00.000Z,OKX Announcements,AI,spot_listing_watch,1,4.00000000,OKX to list AI/USDT (Gensyn) for spot trading,new spot venue can change access and attention
2026-06-08T01:07:14.617415+00:00,binance_announcements,2026-05-19T03:00:08.915000+00:00,Delisting,AEUR,exchange_removal_watch,-1,4.00000000,Binance Margin And Binance Loans Will Delist AEUR and AI on 2026-05-22,exchange removal can create forced selling or liquidity withdrawal
2026-06-08T01:07:14.617415+00:00,binance_announcements,2026-05-19T03:00:08.915000+00:00,Delisting,AI,exchange_removal_watch,-1,4.00000000,Binance Margin And Binance Loans Will Delist AEUR and AI on 2026-05-22,exchange removal can create forced selling or liquidity withdrawal
2026-06-08T01:07:14.617415+00:00,binance_announcements,2026-05-13T08:00:04.681000+00:00,Delisting,ATA,exchange_removal_watch,-1,4.00000000,"Binance Will Delist ATA, FARM, MLN, PHB, SYS on 2026-05-27",exchange removal can create forced selling or liquidity withdrawal
2026-06-08T01:07:14.617415+00:00,binance_announcements,2026-05-13T08:00:04.681000+00:00,Delisting,FARM,exchange_removal_watch,-1,4.00000000,"Binance Will Delist ATA, FARM, MLN, PHB, SYS on 2026-05-27",exchange removal can create forced selling or liquidity withdrawal
2026-06-08T01:07:14.617415+00:00,binance_announcements,2026-05-13T08:00:04.681000+00:00,Delisting,MLN,exchange_removal_watch,-1,4.00000000,"Binance Will Delist ATA, FARM, MLN, PHB, SYS on 2026-05-27",exchange removal can create forced selling or liquidity withdrawal
2026-06-08T01:07:14.617415+00:00,binance_announcements,2026-05-13T08:00:04.681000+00:00,Delisting,PHB,exchange_removal_watch,-1,4.00000000,"Binance Will Delist ATA, FARM, MLN, PHB, SYS on 2026-05-27",exchange removal can create forced selling or liquidity withdrawal
2026-06-08T01:07:14.617415+00:00,binance_announcements,2026-05-13T08:00:04.681000+00:00,Delisting,SYS,exchange_removal_watch,-1,4.00000000,"Binance Will Delist ATA, FARM, MLN, PHB, SYS on 2026-05-27",exchange removal can create forced selling or liquidity withdrawal
2026-06-08T01:07:14.617415+00:00,okx_announcements,2026-05-13T04:00:00.000Z,OKX Announcements,PROS,spot_listing_watch,1,4.00000000,OKX will launch PROS/USD for spot trading,new spot venue can change access and attention
2026-06-08T01:07:14.617415+00:00,okx_announcements,2026-05-13T04:00:00.000Z,OKX Announcements,PROS,spot_listing_watch,1,4.00000000,OKX to list PROS/USDT (Pharos) for spot trading,new spot venue can change access and attention
2026-06-08T01:07:14.617415+00:00,binance_announcements,2026-04-17T09:00:06.263000+00:00,Delisting,DEGO,exchange_removal_watch,-1,4.00000000,"Binance Will Delist DEGO, DENT, TRU on 2026-04-28",exchange removal can create forced selling or liquidity withdrawal
2026-06-08T01:07:14.617415+00:00,binance_announcements,2026-04-17T09:00:06.263000+00:00,Delisting,DENT,exchange_removal_watch,-1,4.00000000,"Binance Will Delist DEGO, DENT, TRU on 2026-04-28",exchange removal can create forced selling or liquidity withdrawal
2026-06-08T01:07:14.617415+00:00,binance_announcements,2026-04-17T09:00:06.263000+00:00,Delisting,TRU,exchange_removal_watch,-1,4.00000000,"Binance Will Delist DEGO, DENT, TRU on 2026-04-28",exchange removal can create forced selling or liquidity withdrawal
2026-06-08T01:07:14.617415+00:00,binance_announcements,2026-04-14T03:30:01.903000+00:00,Delisting,BAR,exchange_removal_watch,-1,4.00000000,"Binance Margin And Loan Will Delist BAR, PIVX, XVG on 2026-04-17",exchange removal can create forced selling or liquidity withdrawal
2026-06-08T01:07:14.617415+00:00,binance_announcements,2026-04-14T03:30:01.903000+00:00,Delisting,PIVX,exchange_removal_watch,-1,4.00000000,"Binance Margin And Loan Will Delist BAR, PIVX, XVG on 2026-04-17",exchange removal can create forced selling or liquidity withdrawal
2026-06-08T01:07:14.617415+00:00,binance_announcements,2026-04-14T03:30:01.903000+00:00,Delisting,XVG,exchange_removal_watch,-1,4.00000000,"Binance Margin And Loan Will Delist BAR, PIVX, XVG on 2026-04-17",exchange removal can create forced selling or liquidity withdrawal
2026-06-08T01:07:14.617415+00:00,binance_announcements,2026-04-09T06:00:05.744000+00:00,Delisting,BIFI,exchange_removal_watch,-1,4.00000000,"Binance Will Delist BIFI, FIO, FUN, MDT, OXT, WAN on 2026-04-23",exchange removal can create forced selling or liquidity withdrawal
2026-06-08T01:07:14.617415+00:00,binance_announcements,2026-04-09T06:00:05.744000+00:00,Delisting,FIO,exchange_removal_watch,-1,4.00000000,"Binance Will Delist BIFI, FIO, FUN, MDT, OXT, WAN on 2026-04-23",exchange removal can create forced selling or liquidity withdrawal
2026-06-08T01:07:14.617415+00:00,binance_announcements,2026-04-09T06:00:05.744000+00:00,Delisting,FUN,exchange_removal_watch,-1,4.00000000,"Binance Will Delist BIFI, FIO, FUN, MDT, OXT, WAN on 2026-04-23",exchange removal can create forced selling or liquidity withdrawal
2026-06-08T01:07:14.617415+00:00,binance_announcements,2026-04-09T06:00:05.744000+00:00,Delisting,MDT,exchange_removal_watch,-1,4.00000000,"Binance Will Delist BIFI, FIO, FUN, MDT, OXT, WAN on 2026-04-23",exchange removal can create forced selling or liquidity withdrawal
2026-06-08T01:07:14.617415+00:00,binance_announcements,2026-04-09T06:00:05.744000+00:00,Delisting,OXT,exchange_removal_watch,-1,4.00000000,"Binance Will Delist BIFI, FIO, FUN, MDT, OXT, WAN on 2026-04-23",exchange removal can create forced selling or liquidity withdrawal
2026-06-08T01:07:14.617415+00:00,binance_announcements,2026-04-09T06:00:05.744000+00:00,Delisting,WAN,exchange_removal_watch,-1,4.00000000,"Binance Will Delist BIFI, FIO, FUN, MDT, OXT, WAN on 2026-04-23",exchange removal can create forced selling or liquidity withdrawal
2026-06-08T01:07:14.617415+00:00,binance_announcements,2026-04-07T09:00:07.906000+00:00,Delisting,WAN,exchange_removal_watch,-1,4.00000000,Binance Margin Will Delist WAN on 2026-04-10,exchange removal can create forced selling or liquidity withdrawal
2026-06-08T01:07:14.617415+00:00,binance_announcements,2026-03-26T03:00:03.206000+00:00,Delisting,UTK,exchange_removal_watch,-1,4.00000000,Binance Margin Will Delist UTK on 2026-03-30,exchange removal can create forced selling or liquidity withdrawal
2026-06-08T01:07:14.617415+00:00,binance_announcements,2026-03-18T09:00:08.667000+00:00,Delisting,A2Z,exchange_removal_watch,-1,4.00000000,"Binance Will Delist A2Z, FORTH, HOOK, IDEX, LRC, NTRN, RDNT, SXP on 2026-04-01",exchange removal can create forced selling or liquidity withdrawal
2026-06-08T01:07:14.617415+00:00,binance_announcements,2026-03-18T09:00:08.667000+00:00,Delisting,FORTH,exchange_removal_watch,-1,4.00000000,"Binance Will Delist A2Z, FORTH, HOOK, IDEX, LRC, NTRN, RDNT, SXP on 2026-04-01",exchange removal can create forced selling or liquidity withdrawal
2026-06-08T01:07:14.617415+00:00,binance_announcements,2026-03-18T09:00:08.667000+00:00,Delisting,HOOK,exchange_removal_watch,-1,4.00000000,"Binance Will Delist A2Z, FORTH, HOOK, IDEX, LRC, NTRN, RDNT, SXP on 2026-04-01",exchange removal can create forced selling or liquidity withdrawal
2026-06-08T01:07:14.617415+00:00,binance_announcements,2026-03-18T09:00:08.667000+00:00,Delisting,IDEX,exchange_removal_watch,-1,4.00000000,"Binance Will Delist A2Z, FORTH, HOOK, IDEX, LRC, NTRN, RDNT, SXP on 2026-04-01",exchange removal can create forced selling or liquidity withdrawal
2026-06-08T01:07:14.617415+00:00,binance_announcements,2026-03-18T09:00:08.667000+00:00,Delisting,LRC,exchange_removal_watch,-1,4.00000000,"Binance Will Delist A2Z, FORTH, HOOK, IDEX, LRC, NTRN, RDNT, SXP on 2026-04-01",exchange removal can create forced selling or liquidity withdrawal
2026-06-08T01:07:14.617415+00:00,binance_announcements,2026-03-18T09:00:08.667000+00:00,Delisting,NTRN,exchange_removal_watch,-1,4.00000000,"Binance Will Delist A2Z, FORTH, HOOK, IDEX, LRC, NTRN, RDNT, SXP on 2026-04-01",exchange removal can create forced selling or liquidity withdrawal
2026-06-08T01:07:14.617415+00:00,binance_announcements,2026-03-18T09:00:08.667000+00:00,Delisting,RDNT,exchange_removal_watch,-1,4.00000000,"Binance Will Delist A2Z, FORTH, HOOK, IDEX, LRC, NTRN, RDNT, SXP on 2026-04-01",exchange removal can create forced selling or liquidity withdrawal
2026-06-08T01:07:14.617415+00:00,binance_announcements,2026-03-18T09:00:08.667000+00:00,Delisting,SXP,exchange_removal_watch,-1,4.00000000,"Binance Will Delist A2Z, FORTH, HOOK, IDEX, LRC, NTRN, RDNT, SXP on 2026-04-01",exchange removal can create forced selling or liquidity withdrawal
2026-06-08T01:07:14.617415+00:00,binance_announcements,2026-03-13T02:00:04.369000+00:00,Delisting,ALCX,exchange_removal_watch,-1,4.00000000,Binance VIP Loan Will Delist TUSD and ALCX from Eligible Collateral Asset List - 2026-03-30,exchange removal can create forced selling or liquidity withdrawal
2026-06-08T01:07:14.617415+00:00,binance_announcements,2026-03-10T05:00:01.491000+00:00,Delisting,ARDR,exchange_removal_watch,-1,4.00000000,Binance Margin Will Delist ARDR on 2026-03-12,exchange removal can create forced selling or liquidity withdrawal
2026-06-08T01:07:14.617415+00:00,binance_announcements,2026-06-05T05:00:01.789000+00:00,Latest Activities,QAIT,attention_campaign_watch,1,3.00000000,Binance Alpha Trading Competition: Trade Sealcoin (QAIT) and Share $200K Worth of Rewards (2026-06-05),exchange campaign can create short-lived attention and flow
2026-06-08T01:07:14.617415+00:00,binance_announcements,2026-06-04T11:00:01.807000+00:00,Latest Activities,IRYS,attention_campaign_watch,1,3.00000000,Binance Alpha Trading Competition: Trade Irys (IRYS) and Share $100K Worth of Rewards (2026-06-04),exchange campaign can create short-lived attention and flow
2026-06-08T01:07:14.617415+00:00,binance_announcements,2026-06-01T04:00:02.049000+00:00,Latest Binance News,SLX,attention_campaign_watch,1,3.00000000,Binance Alpha Trading Competition: Trade Solstice (SLX) and Share $200K Worth of Rewards (2026-06-01),exchange campaign can create short-lived attention and flow
2026-06-08T01:07:14.617415+00:00,binance_announcements,2026-05-28T11:00:02.181000+00:00,Latest Activities,NEX,attention_campaign_watch,1,3.00000000,Binance Alpha Trading Competition: Trade Nexus (NEX) and Share $200K Worth of Rewards (2026-05-28),exchange campaign can create short-lived attention and flow
2026-06-08T01:07:14.617415+00:00,binance_announcements,2026-05-26T11:00:03.214000+00:00,Latest Activities,ZEST,attention_campaign_watch,1,3.00000000,Binance Alpha Trading Competition: Trade Zest Protocol (ZEST) and Share $200K Worth of Rewards (2026-05-26),exchange campaign can create short-lived attention and flow
2026-06-08T01:07:14.617415+00:00,binance_announcements,2026-06-05T08:00:07.025000+00:00,Maintenance Updates,NEAR,network_event_watch,1,1.50000000,Binance Will Support the NEAR Protocol (NEAR) Network Upgrade & Hard Fork - 2026-06-09,network event can alter narrative and operational risk
2026-06-08T01:07:14.617415+00:00,binance_announcements,2026-05-20T03:30:00+00:00,Maintenance Updates,POL,network_event_watch,1,1.50000000,Binance Will Support the Polygon (POL) Network Upgrade & Hard Fork - 2026-05-21,network event can alter narrative and operational risk
2026-06-08T01:07:14.617415+00:00,binance_announcements,2026-05-19T03:30:00+00:00,Maintenance Updates,GLMR,network_event_watch,1,1.50000000,Binance Will Support the Moonbeam (GLMR) Network Upgrade - 2026-05-20,network event can alter narrative and operational risk
2026-06-08T01:07:14.617415+00:00,binance_announcements,2026-05-13T03:00:00+00:00,Maintenance Updates,ENJ,network_event_watch,1,1.50000000,Binance Will Support the Enjin Coin (ENJ) Network Upgrade - 2026-05-18,network event can alter narrative and operational risk
2026-06-08T01:07:14.617415+00:00,binance_announcements,2026-05-12T04:30:00+00:00,Maintenance Updates,MOVR,network_event_watch,1,1.50000000,Binance Will Support the Moonriver (MOVR) Network Upgrade - 2026-05-12,network event can alter narrative and operational risk
2026-06-08T01:07:14.617415+00:00,binance_announcements,2026-04-30T03:00:00+00:00,Maintenance Updates,CTK,network_event_watch,1,1.50000000,Binance Will Support the Shentu (CTK) Network Upgrade & Hard Fork - 2026-05-19,network event can alter narrative and operational risk
2026-06-08T01:07:14.617415+00:00,binance_announcements,2026-04-13T02:15:00+00:00,Maintenance Updates,GLMR,network_event_watch,1,1.50000000,Binance Will Support the Moonbeam (GLMR) Network Upgrade - 2026-04-13,network event can alter narrative and operational risk
2026-06-08T01:07:14.617415+00:00,binance_announcements,2026-04-08T04:00:00+00:00,Maintenance Updates,POL,network_event_watch,1,1.50000000,Binance Will Support the Polygon (POL) Network Upgrade & Hard Fork - 2026-04-08,network event can alter narrative and operational risk
2026-06-08T01:07:14.617415+00:00,binance_announcements,2026-03-30T03:30:00+00:00,Maintenance Updates,MOVR,network_event_watch,1,1.50000000,Binance Will Support the Moonriver (MOVR) Network Upgrade - 2026-03-30,network event can alter narrative and operational risk
