timestamp_ms,wallet_label,address,source,coin,fills,buy_notional,sell_notional,net_buy_notional,closed_pnl,fees,net_closed_pnl_after_fees,current_position,current_position_notional,action,score,caveat,next_step
1780078214657,public_hypertracker_example,0x831ea8a4a4d7ea2657ba48f8c074d69bdaece05c,public_reddit_thread,xyz:CL,324,172717.34501400,173425.46796700,-708.12295300,708.29096300,19.53416800,688.75679500,0.00000000,0.00000000,watch_recent_wallet_sell_flow,70.70812295,"public address example, not a verified profitable trader or entity label","label public_hypertracker_example/xyz:CL wallet-flow pressure over 15m/1h/4h, then compare against market-wide flow and execution costs"
1770028527876,public_hypertracker_example,0x831ea8a4a4d7ea2657ba48f8c074d69bdaece05c,public_reddit_thread,ETH,79,39474.38642000,32570.70017000,6903.68625000,436.91026200,22.33440100,414.57586100,2.79660000,4677.31350000,watch_wallet_long_pressure,60.93858585,"public address example, not a verified profitable trader or entity label","label public_hypertracker_example/ETH wallet-flow pressure over 15m/1h/4h, then compare against market-wide flow and execution costs"
1780738665543,public_hypertracker_example,0x831ea8a4a4d7ea2657ba48f8c074d69bdaece05c,public_reddit_thread,ZEC,40,9132.06450000,9082.47470000,49.58980000,449.71276200,5.94911800,443.76364400,1.32000000,551.17920000,watch_wallet_long_pressure,48.97713340,"public address example, not a verified profitable trader or entity label","label public_hypertracker_example/ZEC wallet-flow pressure over 15m/1h/4h, then compare against market-wide flow and execution costs"
1780447101000,public_hypertracker_example,0x831ea8a4a4d7ea2657ba48f8c074d69bdaece05c,public_reddit_thread,hyna:ETH,40,21733.88191000,22118.92364000,-385.04173000,385.00584800,15.67185100,369.33399700,0.00000000,0.00000000,watch_recent_wallet_sell_flow,41.31844143,"public address example, not a verified profitable trader or entity label","label public_hypertracker_example/hyna:ETH wallet-flow pressure over 15m/1h/4h, then compare against market-wide flow and execution costs"
1780446869252,public_hypertracker_example,0x831ea8a4a4d7ea2657ba48f8c074d69bdaece05c,public_reddit_thread,hyna:BTC,40,19976.68544000,20258.55889000,-281.87345000,281.86199600,12.30114200,269.56085400,0.00000000,0.00000000,watch_recent_wallet_sell_flow,31.23795885,"public address example, not a verified profitable trader or entity label","label public_hypertracker_example/hyna:BTC wallet-flow pressure over 15m/1h/4h, then compare against market-wide flow and execution costs"
1780891572303,public_live_bot_example,0xec917F0F6c8d4AE7fFEFD5856D9ad802DD5F094b,public_reddit_thread,XRP,201,4214.30570000,4206.17150000,8.13420000,19.34580000,2.21276700,17.13303300,24.00000000,27.52800000,watch_wallet_long_pressure,21.74896550,"public address example, not a verified profitable trader or entity label","label public_live_bot_example/XRP wallet-flow pressure over 15m/1h/4h, then compare against market-wide flow and execution costs"
1780906892636,public_live_bot_example,0xec917F0F6c8d4AE7fFEFD5856D9ad802DD5F094b,public_reddit_thread,SOL,194,3713.05471000,3717.74104000,-4.68633000,4.68630400,2.14168000,2.54462400,0.00000000,0.00000000,watch_recent_wallet_sell_flow,19.65914873,"public address example, not a verified profitable trader or entity label","label public_live_bot_example/SOL wallet-flow pressure over 15m/1h/4h, then compare against market-wide flow and execution costs"
1780738919778,public_hypertracker_example,0x831ea8a4a4d7ea2657ba48f8c074d69bdaece05c,public_reddit_thread,HYPE,33,7149.67982000,7278.22080000,-128.54098000,128.54420600,5.37931900,123.16488700,0.00000000,0.00000000,watch_recent_wallet_sell_flow,15.74502968,"public address example, not a verified profitable trader or entity label","label public_hypertracker_example/HYPE wallet-flow pressure over 15m/1h/4h, then compare against market-wide flow and execution costs"
1778993675580,public_hypertracker_example,0x831ea8a4a4d7ea2657ba48f8c074d69bdaece05c,public_reddit_thread,xyz:GOLD,10,3998.92176000,4139.68274000,-140.76098000,140.76272400,4.98270200,135.78002200,0.00000000,0.00000000,watch_recent_wallet_sell_flow,14.71876318,"public address example, not a verified profitable trader or entity label","label public_hypertracker_example/xyz:GOLD wallet-flow pressure over 15m/1h/4h, then compare against market-wide flow and execution costs"
1770797545055,public_hypertracker_example,0x831ea8a4a4d7ea2657ba48f8c074d69bdaece05c,public_reddit_thread,APT,37,6037.49960100,4841.08649600,1196.41310500,6.94629800,3.65085900,3.29543900,534.63000000,360.34062000,watch_wallet_long_pressure,5.58629763,"public address example, not a verified profitable trader or entity label","label public_hypertracker_example/APT wallet-flow pressure over 15m/1h/4h, then compare against market-wide flow and execution costs"
1778311607734,public_hypertracker_example,0x831ea8a4a4d7ea2657ba48f8c074d69bdaece05c,public_reddit_thread,TON,6,1453.90672001,1499.65286000,-45.74613999,45.74277200,0.84403300,44.89873900,0.00000000,0.00000000,watch_recent_wallet_sell_flow,5.13562004,"public address example, not a verified profitable trader or entity label","label public_hypertracker_example/TON wallet-flow pressure over 15m/1h/4h, then compare against market-wide flow and execution costs"
1774537093976,public_hypertracker_example,0x831ea8a4a4d7ea2657ba48f8c074d69bdaece05c,public_reddit_thread,xyz:NATGAS,9,2999.10033000,3015.18998000,-16.08965000,16.09453100,0.35257000,15.74196100,0.00000000,0.00000000,watch_recent_wallet_sell_flow,2.49028575,"public address example, not a verified profitable trader or entity label","label public_hypertracker_example/xyz:NATGAS wallet-flow pressure over 15m/1h/4h, then compare against market-wide flow and execution costs"
1779173551681,public_hypertracker_example,0x831ea8a4a4d7ea2657ba48f8c074d69bdaece05c,public_reddit_thread,xyz:SILVER,4,999.31072000,1016.34170000,-17.03098000,17.03117000,0.17414800,16.85702200,0.00000000,0.00000000,watch_recent_wallet_sell_flow,2.10273318,"public address example, not a verified profitable trader or entity label","label public_hypertracker_example/xyz:SILVER wallet-flow pressure over 15m/1h/4h, then compare against market-wide flow and execution costs"
1780519606749,public_hypertracker_example,0x831ea8a4a4d7ea2657ba48f8c074d69bdaece05c,public_reddit_thread,xyz:MSTR,8,3999.80000000,3005.97303000,993.82697000,6.17336200,3.74909800,2.42426400,0.00000000,0.00000000,watch_recent_wallet_buy_flow,2.03625337,"public address example, not a verified profitable trader or entity label","label public_hypertracker_example/xyz:MSTR wallet-flow pressure over 15m/1h/4h, then compare against market-wide flow and execution costs"
1761555174316,public_hypertracker_example,0x831ea8a4a4d7ea2657ba48f8c074d69bdaece05c,public_reddit_thread,SEI,5,602.35630000,613.39768000,-11.04138000,11.04150100,0.38049300,10.66100800,0.00000000,0.00000000,watch_recent_wallet_sell_flow,1.57714218,"public address example, not a verified profitable trader or entity label","label public_hypertracker_example/SEI wallet-flow pressure over 15m/1h/4h, then compare against market-wide flow and execution costs"
1780537217310,public_hypertracker_example,0x831ea8a4a4d7ea2657ba48f8c074d69bdaece05c,public_reddit_thread,@150,9,3739.44989513,4412.73421860,-673.28432347,-1.58101288,1.09595308,-2.67696596,0.00000000,0.00000000,reject_negative_wallet_pnl,-2.67696596,"public address example, not a verified profitable trader or entity label",do not follow public_hypertracker_example on @150; keep only as negative-control wallet-flow sample
1780739176250,public_hypertracker_example,0x831ea8a4a4d7ea2657ba48f8c074d69bdaece05c,public_reddit_thread,SOL,2,2033.82774000,2032.45950000,1.36824000,-1.36824000,1.75663400,-3.12487400,0.00000000,0.00000000,reject_negative_wallet_pnl,-3.12487400,"public address example, not a verified profitable trader or entity label",do not follow public_hypertracker_example on SOL; keep only as negative-control wallet-flow sample
1780877832329,public_live_bot_example,0xec917F0F6c8d4AE7fFEFD5856D9ad802DD5F094b,public_reddit_thread,ETH,207,5116.75941000,5087.84080000,28.91861000,-3.63196000,2.68178400,-6.31374400,0.01500000,25.08450000,reject_negative_wallet_pnl,-6.31374400,"public address example, not a verified profitable trader or entity label",do not follow public_live_bot_example on ETH; keep only as negative-control wallet-flow sample
1780785048860,public_live_bot_example,0xec917F0F6c8d4AE7fFEFD5856D9ad802DD5F094b,public_reddit_thread,BTC,241,6746.50542000,6669.28394000,77.22148000,-25.88148000,3.11230500,-28.99378500,0.00085000,53.45225000,reject_negative_wallet_pnl,-28.99378500,"public address example, not a verified profitable trader or entity label",do not follow public_live_bot_example on BTC; keep only as negative-control wallet-flow sample
1780677369475,public_hypertracker_example,0x831ea8a4a4d7ea2657ba48f8c074d69bdaece05c,public_reddit_thread,BTC,45,31028.24647000,23105.42971000,7922.81676000,-250.16856600,15.47460000,-265.64316600,0.12000000,7546.80000000,reject_negative_wallet_pnl,-265.64316600,"public address example, not a verified profitable trader or entity label",do not follow public_hypertracker_example on BTC; keep only as negative-control wallet-flow sample
1761578569546,public_hypertracker_example,0x831ea8a4a4d7ea2657ba48f8c074d69bdaece05c,public_reddit_thread,ASTER,27,4474.77410000,3715.71505000,759.05905000,-759.05833000,2.02037800,-761.07870800,0.00000000,0.00000000,reject_negative_wallet_pnl,-761.07870800,"public address example, not a verified profitable trader or entity label",do not follow public_hypertracker_example on ASTER; keep only as negative-control wallet-flow sample
