timestamp,close,volume,funding_rate,open_interest
2024-01-01T00:00:00+00:00,44167.33203125,18426978443.0,0.00033601,76481.546
2024-01-02T00:00:00+00:00,44957.96875,39335274536.0,0.0005373,79762.793
2024-01-03T00:00:00+00:00,42848.17578125,46342323118.0,0.0001,68595.132
2024-01-04T00:00:00+00:00,44179.921875,30448091210.0,0.0001,71336.71
2024-01-05T00:00:00+00:00,44162.69140625,32336029347.0,0.0001,67284.894
2024-01-06T00:00:00+00:00,43989.1953125,16092503468.0,0.0001,68211.197
2024-01-07T00:00:00+00:00,43943.09765625,19330573863.0,0.0001,70293.254
2024-01-08T00:00:00+00:00,46970.50390625,42746192015.0,0.0001,74589.143
2024-01-09T00:00:00+00:00,46139.73046875,39821290992.0,0.0001,70798.31
2024-01-10T00:00:00+00:00,46627.77734375,50114613298.0,0.0001,68587.25
2024-01-11T00:00:00+00:00,46368.5859375,45833734549.0,0.0001,71411.395
2024-01-12T00:00:00+00:00,42853.16796875,43332698900.0,0.0001,74772.996
2024-01-13T00:00:00+00:00,42842.3828125,20601860469.0,0.0001,75170.331
2024-01-14T00:00:00+00:00,41796.26953125,17521429522.0,0.0001,76980.282
2024-01-15T00:00:00+00:00,42511.96875,22320220558.0,0.0001,73937.044
2024-01-16T00:00:00+00:00,43154.9453125,24062872740.0,0.0001,74144.321
2024-01-17T00:00:00+00:00,42742.65234375,20851232595.0,0.0001,75764.089
2024-01-18T00:00:00+00:00,41262.05859375,25218357242.0,0.0001,77570.16
2024-01-19T00:00:00+00:00,41618.40625,25752407154.0,0.0001,74484.43
2024-01-20T00:00:00+00:00,41665.5859375,11586690904.0,0.0001,74642.896
2024-01-21T00:00:00+00:00,41545.78515625,9344043642.0,0.0001,74639.086
2024-01-22T00:00:00+00:00,39507.3671875,31338708143.0,0.0001,76117.557
2024-01-23T00:00:00+00:00,39845.55078125,29244553045.0,0.0001,75828.266
2024-01-24T00:00:00+00:00,40077.07421875,22359526178.0,0.0001,76253.491
2024-01-25T00:00:00+00:00,39933.80859375,18491782013.0,0.0001,77945.585
2024-01-26T00:00:00+00:00,41816.87109375,25598119893.0,0.0001,79505.583
2024-01-27T00:00:00+00:00,42120.0546875,11422941934.0,8.3e-05,78226.289
2024-01-28T00:00:00+00:00,42035.59375,16858971687.0,0.0001,75159.253
2024-01-29T00:00:00+00:00,43288.24609375,20668476578.0,0.0001,77014.859
2024-01-30T00:00:00+00:00,42952.609375,23842814518.0,5.149e-05,73884.75
2024-01-31T00:00:00+00:00,42582.60546875,24673628793.0,0.0001,71942.751
2024-02-01T00:00:00+00:00,43075.7734375,21423953779.0,0.0001,73894.594
2024-02-02T00:00:00+00:00,43185.859375,18603843039.0,0.0001,74289.041
2024-02-03T00:00:00+00:00,42992.25,11169245236.0,8.028e-05,75701.57
2024-02-04T00:00:00+00:00,42583.58203125,14802225490.0,0.0001,77296.717
2024-02-05T00:00:00+00:00,42658.66796875,18715487317.0,0.0001,79782.275
2024-02-06T00:00:00+00:00,43084.671875,16798476726.0,0.0001,80370.363
2024-02-07T00:00:00+00:00,44318.22265625,21126587775.0,8.306e-05,82827.913
2024-02-08T00:00:00+00:00,45301.56640625,26154524080.0,2.59e-05,85149.581
2024-02-09T00:00:00+00:00,47147.19921875,39316770844.0,9.801e-05,83214.855
2024-02-10T00:00:00+00:00,47771.27734375,16398681570.0,0.0001,86808.316
2024-02-11T00:00:00+00:00,48293.91796875,19315867136.0,0.0001,89416.506
2024-02-12T00:00:00+00:00,49958.22265625,34511985805.0,0.0001,92352.839
2024-02-13T00:00:00+00:00,49742.44140625,35593051468.0,0.0001,88156.059
2024-02-14T00:00:00+00:00,51826.6953125,39105608050.0,0.00012283,90406.97
2024-02-15T00:00:00+00:00,51938.5546875,38564360533.0,0.0001,87227.671
2024-02-16T00:00:00+00:00,52160.203125,28180567298.0,0.0001,89491.944
2024-02-17T00:00:00+00:00,51662.99609375,20009091006.0,0.00016041,87533.511
2024-02-18T00:00:00+00:00,52122.546875,17595377311.0,0.00017095,85504.804
2024-02-19T00:00:00+00:00,51779.14453125,21362184346.0,0.00013327,87604.11
2024-02-20T00:00:00+00:00,52284.875,33353758256.0,0.00020259,87203.076
2024-02-21T00:00:00+00:00,51839.1796875,28624907020.0,0.0001,86293.057
2024-02-22T00:00:00+00:00,51304.97265625,25413900611.0,0.00012557,84886.38
2024-02-23T00:00:00+00:00,50731.94921875,21427078270.0,0.00012991,88089.125
2024-02-24T00:00:00+00:00,51571.1015625,15174077879.0,0.0001,87024.156
2024-02-25T00:00:00+00:00,51733.23828125,15413239245.0,0.00015062,86416.011
2024-02-26T00:00:00+00:00,54522.40234375,34074411896.0,0.00027227,84906.706
2024-02-27T00:00:00+00:00,57085.37109375,49756832031.0,0.00022965,80667.673
2024-02-28T00:00:00+00:00,62504.7890625,83239156760.0,0.00053538,75184.662
2024-02-29T00:00:00+00:00,61198.3828125,65496611844.0,0.00057031,71841.907
2024-03-01T00:00:00+00:00,62440.6328125,40186368423.0,0.0004601,73919.975
2024-03-02T00:00:00+00:00,62029.84765625,23888473685.0,0.00056396,72912.818
2024-03-03T00:00:00+00:00,63167.37109375,26253811450.0,0.00044598,75540.753
2024-03-04T00:00:00+00:00,68330.4140625,70670471105.0,0.0006362,81105.699
2024-03-05T00:00:00+00:00,63801.19921875,102802940877.0,0.00088148,71725.607
2024-03-06T00:00:00+00:00,66106.8046875,68750229073.0,0.00049354,73260.209
2024-03-07T00:00:00+00:00,66925.484375,46989543159.0,0.00054217,73480.603
2024-03-08T00:00:00+00:00,68300.09375,59202881172.0,0.00062913,73990.354
2024-03-09T00:00:00+00:00,68498.8828125,21609650379.0,0.00026407,73645.213
2024-03-10T00:00:00+00:00,69019.7890625,35683977532.0,0.00054479,77404.994
2024-03-11T00:00:00+00:00,72123.90625,65716656765.0,0.00066396,79393.551
2024-03-12T00:00:00+00:00,71481.2890625,62554434520.0,0.00047935,78117.048
2024-03-13T00:00:00+00:00,73083.5,48212536929.0,0.00045402,80397.27
2024-03-14T00:00:00+00:00,71396.59375,59594605698.0,0.00038258,83981.907
2024-03-15T00:00:00+00:00,69403.7734375,78320453976.0,0.00015306,79345.217
2024-03-16T00:00:00+00:00,65315.1171875,46842198371.0,0.00020813,76563.969
2024-03-17T00:00:00+00:00,68390.625,44716864318.0,0.00024827,78535.72
2024-03-18T00:00:00+00:00,67548.59375,49261579492.0,0.00027195,79113.281
2024-03-19T00:00:00+00:00,61912.7734375,74215844794.0,0.00024018,77962.651
2024-03-20T00:00:00+00:00,67913.671875,66792634382.0,0.0001,76952.183
2024-03-21T00:00:00+00:00,65491.390625,44480350565.0,0.0001951,75345.505
2024-03-22T00:00:00+00:00,63778.76171875,41401116964.0,0.00011993,73071.968
2024-03-23T00:00:00+00:00,64062.203125,24738964812.0,0.00010806,73940.077
2024-03-24T00:00:00+00:00,67234.171875,27206630673.0,0.00015884,77033.64
2024-03-25T00:00:00+00:00,69958.8125,42700139523.0,0.00028815,78825.936
2024-03-26T00:00:00+00:00,69987.8359375,36010437368.0,0.00026764,79655.738
2024-03-27T00:00:00+00:00,69455.34375,40827113309.0,0.00043631,83137.811
2024-03-28T00:00:00+00:00,70744.953125,34374900617.0,0.0002943,83098.968
2024-03-29T00:00:00+00:00,69892.828125,25230851763.0,0.0003017,81097.306
2024-03-30T00:00:00+00:00,69645.3046875,17130241883.0,0.0003436,80226.288
2024-03-31T00:00:00+00:00,71333.6484375,20050941373.0,0.00040301,82700.764
2024-04-01T00:00:00+00:00,69702.1484375,34873527352.0,0.00027469,84163.725
2024-04-02T00:00:00+00:00,65446.97265625,50705240709.0,0.00016456,78042.079
2024-04-03T00:00:00+00:00,65980.8125,34488018367.0,0.0001,80098.881
2024-04-04T00:00:00+00:00,68508.84375,34439527442.0,0.0001,78454.81
2024-04-05T00:00:00+00:00,67837.640625,33748230056.0,0.0001,75172.17
2024-04-06T00:00:00+00:00,68896.109375,19967785809.0,0.0001,76496.262
2024-04-07T00:00:00+00:00,69362.5546875,21204930369.0,0.0001,80048.156
2024-04-08T00:00:00+00:00,71631.359375,37261432669.0,0.00035189,80241.385
2024-04-09T00:00:00+00:00,69139.015625,36426900409.0,0.00019061,80191.405
2024-04-10T00:00:00+00:00,70587.8828125,38318601774.0,0.0001,79461.363
2024-04-11T00:00:00+00:00,70060.609375,30153382941.0,0.00019763,81696.93
2024-04-12T00:00:00+00:00,67195.8671875,44129299406.0,0.00012214,80077.322
2024-04-13T00:00:00+00:00,63821.47265625,52869738185.0,0.0001,66896.244
2024-04-14T00:00:00+00:00,65738.7265625,49084320047.0,0.0001,67002.787
2024-04-15T00:00:00+00:00,63426.2109375,43595917654.0,0.0001,65973.063
2024-04-16T00:00:00+00:00,63811.86328125,42847528078.0,3.513e-05,64171.039
2024-04-17T00:00:00+00:00,61276.69140625,41915247049.0,6.534e-05,67046.957
2024-04-18T00:00:00+00:00,63512.75390625,36006307335.0,-3.334e-05,67633.638
2024-04-19T00:00:00+00:00,63843.5703125,49920425401.0,5.88e-05,65864.86
2024-04-20T00:00:00+00:00,64994.44140625,23097485495.0,4.204e-05,67260.726
2024-04-21T00:00:00+00:00,64926.64453125,20506644853.0,8.271e-05,66883.888
2024-04-22T00:00:00+00:00,66837.6796875,28282686673.0,8.98e-06,69060.579
2024-04-23T00:00:00+00:00,66407.2734375,24310975583.0,-1.083e-05,68074.222
2024-04-24T00:00:00+00:00,64276.8984375,30276655120.0,7.047e-05,70077.781
2024-04-25T00:00:00+00:00,64481.70703125,32155786816.0,1.14e-05,67299.511
2024-04-26T00:00:00+00:00,63755.3203125,24139372950.0,5.562e-05,67293.423
2024-04-27T00:00:00+00:00,63419.140625,19530783039.0,2.834e-05,67161.879
2024-04-28T00:00:00+00:00,63113.23046875,17334827993.0,2.782e-05,65747.694
2024-04-29T00:00:00+00:00,63841.12109375,26635912073.0,6.828e-05,66574.665
2024-04-30T00:00:00+00:00,60636.85546875,37840840057.0,0.0001,72561.719
2024-05-01T00:00:00+00:00,58254.01171875,48439780271.0,9.902e-05,68404.001
2024-05-02T00:00:00+00:00,59123.43359375,32711813559.0,-1.23e-06,67561.195
2024-05-03T00:00:00+00:00,62889.8359375,33172023048.0,8.091e-05,72115.025
2024-05-04T00:00:00+00:00,63891.47265625,20620477992.0,6.265e-05,73775.775
2024-05-05T00:00:00+00:00,64031.1328125,18296164805.0,3.893e-05,72614.07
2024-05-06T00:00:00+00:00,63161.94921875,28697928697.0,7.746e-05,70800.911
2024-05-07T00:00:00+00:00,62334.81640625,25930730982.0,9.028e-05,70977.329
2024-05-08T00:00:00+00:00,61187.94140625,26088172222.0,9.292e-05,69698.073
2024-05-09T00:00:00+00:00,63049.9609375,25453338161.0,7.253e-05,69749.117
2024-05-10T00:00:00+00:00,60792.77734375,27804954694.0,7.653e-05,71763.433
2024-05-11T00:00:00+00:00,60793.7109375,13842272968.0,5.067e-05,70961.068
2024-05-12T00:00:00+00:00,61448.39453125,13800459405.0,0.0001,69740.49
2024-05-13T00:00:00+00:00,62901.44921875,27889181179.0,9.151e-05,71110.334
2024-05-14T00:00:00+00:00,61552.7890625,28186271527.0,4.392e-05,67758.064
2024-05-15T00:00:00+00:00,66267.4921875,39815167074.0,2.373e-05,73614.701
2024-05-16T00:00:00+00:00,65231.58203125,31573077994.0,3.543e-05,72377.85
2024-05-17T00:00:00+00:00,67051.875,28031279310.0,-2.98e-06,74105.612
2024-05-18T00:00:00+00:00,66940.8046875,16712277406.0,-7.92e-06,75143.755
2024-05-19T00:00:00+00:00,66278.3671875,19249094538.0,4.779e-05,75130.213
2024-05-20T00:00:00+00:00,71448.1953125,43850655717.0,2.552e-05,70473.906
2024-05-21T00:00:00+00:00,70136.53125,46932005990.0,0.0001,78452.073
2024-05-22T00:00:00+00:00,69122.3359375,32802561717.0,0.0001,77768.522
2024-05-23T00:00:00+00:00,67929.5625,41895680979.0,0.0001,70841.347
2024-05-24T00:00:00+00:00,68526.1015625,29197308153.0,0.0001,70215.723
2024-05-25T00:00:00+00:00,69265.9453125,15473071741.0,0.0001,72347.36
2024-05-26T00:00:00+00:00,68518.09375,15628433737.0,0.0001,71075.227
2024-05-27T00:00:00+00:00,69394.5546875,25870990717.0,0.0001,71580.708
2024-05-28T00:00:00+00:00,68296.21875,32722265965.0,0.0001,71880.384
2024-05-29T00:00:00+00:00,67578.09375,26707072906.0,0.00012558,76232.589
2024-05-30T00:00:00+00:00,68364.9921875,29509712534.0,0.0001,74250.547
2024-05-31T00:00:00+00:00,67491.4140625,27387283769.0,0.0001,76516.484
2024-06-01T00:00:00+00:00,67706.9375,11641495604.0,0.0001025,75471.872
2024-06-02T00:00:00+00:00,67751.6015625,17110588415.0,0.0001,76090.207
2024-06-03T00:00:00+00:00,68804.78125,32401285324.0,0.0001,78537.52
2024-06-04T00:00:00+00:00,70567.765625,33149696545.0,0.0001,81171.017
2024-06-05T00:00:00+00:00,71082.8203125,32810771409.0,0.00013226,82454.506
2024-06-06T00:00:00+00:00,70757.1640625,25223152007.0,0.0001177,81918.049
2024-06-07T00:00:00+00:00,69342.5859375,36188381096.0,0.00010166,82372.639
2024-06-08T00:00:00+00:00,69305.7734375,14262185861.0,0.0001,83482.286
2024-06-09T00:00:00+00:00,69647.9921875,13534028500.0,0.0001,83577.764
2024-06-10T00:00:00+00:00,69512.28125,20597699541.0,0.0001,85572.685
2024-06-11T00:00:00+00:00,67332.03125,37116136345.0,0.0001,82672.343
2024-06-12T00:00:00+00:00,68241.1875,34497940694.0,0.0001,81189.437
2024-06-13T00:00:00+00:00,66756.3984375,28955204146.0,0.0001,82145.939
2024-06-14T00:00:00+00:00,66011.09375,27403884779.0,0.0001,79378.435
2024-06-15T00:00:00+00:00,66191.0,14121265576.0,0.0001,80508.054
2024-06-16T00:00:00+00:00,66639.046875,13281140541.0,0.0001,80884.799
2024-06-17T00:00:00+00:00,66490.296875,30006354476.0,0.0001,79602.371
2024-06-18T00:00:00+00:00,65140.74609375,39481285950.0,0.0001,77688.615
2024-06-19T00:00:00+00:00,64960.296875,21103423504.0,2.967e-05,75443.813
2024-06-20T00:00:00+00:00,64828.65625,25641109124.0,6.879e-05,74377.632
2024-06-21T00:00:00+00:00,64096.19921875,26188171739.0,0.0001,76738.134
2024-06-22T00:00:00+00:00,64252.578125,9858198793.0,0.0001,78036.856
2024-06-23T00:00:00+00:00,63180.796875,11170471802.0,4.676e-05,77593.986
2024-06-24T00:00:00+00:00,60277.4140625,43152133651.0,7.488e-05,76111.899
2024-06-25T00:00:00+00:00,61804.640625,29201215431.0,7.752e-05,75584.461
2024-06-26T00:00:00+00:00,60811.27734375,22506003064.0,0.0001,74876.9
2024-06-27T00:00:00+00:00,61604.80078125,21231745045.0,0.0001,74906.653
2024-06-28T00:00:00+00:00,60320.13671875,24952866877.0,0.0001,78522.055
2024-06-29T00:00:00+00:00,60887.37890625,12652903396.0,0.0001,80535.814
2024-06-30T00:00:00+00:00,62678.29296875,17333226409.0,0.0001,85675.692
2024-07-01T00:00:00+00:00,62851.98046875,25468379421.0,0.0001,81856.177
2024-07-02T00:00:00+00:00,62029.015625,20151616992.0,0.0001,84473.518
2024-07-03T00:00:00+00:00,60173.921875,29756701685.0,0.0001,88025.505
2024-07-04T00:00:00+00:00,56977.703125,41149609230.0,0.0001,88552.548
2024-07-05T00:00:00+00:00,56662.375,55417544033.0,1.762e-05,83117.828
2024-07-06T00:00:00+00:00,58303.5390625,20610320577.0,3.25e-05,80177.383
2024-07-07T00:00:00+00:00,55849.109375,20553359505.0,0.0001,81293.278
2024-07-08T00:00:00+00:00,56705.09765625,39766159899.0,0.0001,78848.787
2024-07-09T00:00:00+00:00,58009.2265625,27849512607.0,0.0001,82178.811
2024-07-10T00:00:00+00:00,57742.49609375,26175260526.0,5.485e-05,0.0
2024-07-11T00:00:00+00:00,57344.9140625,28707803842.0,0.0001,85093.514
2024-07-12T00:00:00+00:00,57899.46484375,25604805221.0,4.037e-05,0.0
2024-07-13T00:00:00+00:00,59231.953125,17080061806.0,0.0001,85453.399
2024-07-14T00:00:00+00:00,60787.79296875,22223416061.0,8.342e-05,84969.235
2024-07-15T00:00:00+00:00,64870.15234375,38094526099.0,-5.14e-06,85234.987
2024-07-16T00:00:00+00:00,65097.1484375,41617346768.0,2.717e-05,83191.065
2024-07-17T00:00:00+00:00,64118.79296875,32525071311.0,2.143e-05,79387.044
2024-07-18T00:00:00+00:00,63974.06640625,27239305337.0,3.127e-05,78588.674
2024-07-19T00:00:00+00:00,66710.15625,37003855410.0,4.606e-05,84274.956
2024-07-20T00:00:00+00:00,67163.6484375,19029581250.0,1.622e-05,82810.277
2024-07-21T00:00:00+00:00,68154.5234375,26652190004.0,6.46e-06,80653.708
2024-07-22T00:00:00+00:00,67585.25,42649109453.0,2.769e-05,80887.132
2024-07-23T00:00:00+00:00,65927.671875,35605668666.0,4.642e-05,82275.688
2024-07-24T00:00:00+00:00,65372.1328125,27470942309.0,0.0001,81060.485
2024-07-25T00:00:00+00:00,65777.2265625,38315761670.0,0.0001,83327.2
2024-07-26T00:00:00+00:00,67912.0625,30488630457.0,3.34e-05,84651.1
2024-07-27T00:00:00+00:00,67813.3359375,34691905492.0,9.109e-05,86084.842
2024-07-28T00:00:00+00:00,68255.8671875,18043166945.0,2.804e-05,85860.258
2024-07-29T00:00:00+00:00,66819.9140625,40780682628.0,0.0001,84865.254
2024-07-30T00:00:00+00:00,66201.015625,31380492109.0,7.691e-05,82994.073
2024-07-31T00:00:00+00:00,64619.25,31292785994.0,3.826e-05,82570.404
2024-08-01T00:00:00+00:00,65357.5,40975554494.0,0.0001,87192.052
2024-08-02T00:00:00+00:00,61415.06640625,43060875727.0,0.0001,87796.487
2024-08-03T00:00:00+00:00,60680.09375,31753030589.0,4.247e-05,85283.126
2024-08-04T00:00:00+00:00,58116.9765625,31758917219.0,0.0001,88098.464
2024-08-05T00:00:00+00:00,53991.45703125,108991085584.0,5.967e-05,75212.503
2024-08-06T00:00:00+00:00,56034.31640625,49300484106.0,4.485e-05,76846.83
2024-08-07T00:00:00+00:00,55027.4609375,41637562185.0,3.241e-05,76977.234
2024-08-08T00:00:00+00:00,61710.13671875,45298472567.0,1.147e-05,74964.252
2024-08-09T00:00:00+00:00,60880.11328125,33425553115.0,4.846e-05,71916.705
2024-08-10T00:00:00+00:00,60945.8125,15745822278.0,-1.949e-05,71072.428
2024-08-11T00:00:00+00:00,58719.484375,22759754812.0,1.185e-05,70092.777
2024-08-12T00:00:00+00:00,59354.515625,37078637820.0,-2.238e-05,68490.559
2024-08-13T00:00:00+00:00,60609.56640625,30327698167.0,-3.902e-05,72127.824
2024-08-14T00:00:00+00:00,58737.26953125,29961696180.0,-7.811e-05,78050.791
2024-08-15T00:00:00+00:00,57560.09765625,35682112440.0,-6.181e-05,83767.535
2024-08-16T00:00:00+00:00,58894.10546875,29350938673.0,-5.57e-06,82133.267
2024-08-17T00:00:00+00:00,59478.97265625,13589684021.0,-1.52e-06,82618.622
2024-08-18T00:00:00+00:00,58483.96484375,17740625837.0,-3.149e-05,82695.127
2024-08-19T00:00:00+00:00,59493.453125,25911207712.0,-1.957e-05,79748.878
2024-08-20T00:00:00+00:00,59012.79296875,31613400008.0,1.419e-05,82720.661
2024-08-21T00:00:00+00:00,61175.19140625,32731154072.0,3.96e-06,85607.454
2024-08-22T00:00:00+00:00,60381.9140625,27625734377.0,-7.261e-05,83676.724
2024-08-23T00:00:00+00:00,64094.35546875,42530509233.0,-4.317e-05,86666.882
2024-08-24T00:00:00+00:00,64178.9921875,21430585163.0,6.395e-05,87051.136
2024-08-25T00:00:00+00:00,64333.54296875,18827683555.0,3.108e-05,87953.834
2024-08-26T00:00:00+00:00,62880.66015625,27682040631.0,3.789e-05,84295.242
2024-08-27T00:00:00+00:00,59504.1328125,39103882198.0,7.753e-05,81452.86
2024-08-28T00:00:00+00:00,59027.625,40289564698.0,1.143e-05,79140.046
2024-08-29T00:00:00+00:00,59388.1796875,32224990582.0,5.59e-06,81440.705
2024-08-30T00:00:00+00:00,59119.4765625,32292756405.0,2.927e-05,79855.24
2024-08-31T00:00:00+00:00,58969.8984375,12403470760.0,3.8e-05,80996.552
2024-09-01T00:00:00+00:00,57325.48828125,24592449997.0,-3.82e-06,82146.888
2024-09-02T00:00:00+00:00,59112.48046875,27036454524.0,-3.63e-06,82500.524
2024-09-03T00:00:00+00:00,57431.0234375,26666961053.0,4.598e-05,83178.403
2024-09-04T00:00:00+00:00,57971.5390625,35627680312.0,-1.47e-05,81107.801
2024-09-05T00:00:00+00:00,56160.48828125,31030280656.0,2.49e-05,83706.951
2024-09-06T00:00:00+00:00,53948.75390625,49361693566.0,1.428e-05,85488.795
2024-09-07T00:00:00+00:00,54139.6875,19061486526.0,-7.236e-05,83343.018
2024-09-08T00:00:00+00:00,54841.56640625,18268287531.0,-5.245e-05,84701.211
2024-09-09T00:00:00+00:00,57019.53515625,34618096173.0,-3.875e-05,87589.681
2024-09-10T00:00:00+00:00,57648.7109375,28857630507.0,-1.126e-05,86226.717
2024-09-11T00:00:00+00:00,57343.171875,37049062672.0,-5.212e-05,85823.416
2024-09-12T00:00:00+00:00,58127.01171875,33835707949.0,-2.95e-05,85500.095
2024-09-13T00:00:00+00:00,60571.30078125,32490528356.0,-2.443e-05,89407.534
2024-09-14T00:00:00+00:00,60005.12109375,16428405496.0,2.326e-05,87444.784
2024-09-15T00:00:00+00:00,59182.8359375,18120960867.0,4.02e-06,86288.806
2024-09-16T00:00:00+00:00,58192.5078125,32032822113.0,6.762e-05,84525.958
2024-09-17T00:00:00+00:00,60308.5390625,38075570118.0,5.327e-05,85409.353
2024-09-18T00:00:00+00:00,61649.6796875,40990702891.0,4.648e-05,83807.594
2024-09-19T00:00:00+00:00,62940.45703125,42710252573.0,4.072e-05,87179.866
2024-09-20T00:00:00+00:00,63192.9765625,35177164222.0,5.543e-05,86595.492
2024-09-21T00:00:00+00:00,63394.83984375,14408616220.0,8.234e-05,86575.326
2024-09-22T00:00:00+00:00,63648.7109375,20183348802.0,5.537e-05,85730.221
2024-09-23T00:00:00+00:00,63329.80078125,31400285425.0,5.304e-05,88986.639
2024-09-24T00:00:00+00:00,64301.96875,29938335243.0,-1.82e-06,91143.49
2024-09-25T00:00:00+00:00,63143.14453125,25078377700.0,1.336e-05,88401.77
2024-09-26T00:00:00+00:00,65181.01953125,36873129847.0,0.0001,88244.101
2024-09-27T00:00:00+00:00,65790.6640625,32058813449.0,2.275e-05,85849.737
2024-09-28T00:00:00+00:00,65887.6484375,15243637984.0,1.414e-05,85266.241
2024-09-29T00:00:00+00:00,65635.3046875,14788214575.0,7.253e-05,85611.604
2024-09-30T00:00:00+00:00,63329.5,37112957475.0,0.0001,86806.037
2024-10-01T00:00:00+00:00,60837.0078125,50220923500.0,0.0001,84304.326
2024-10-02T00:00:00+00:00,60632.78515625,40762722398.0,8.191e-05,82501.51
2024-10-03T00:00:00+00:00,60759.40234375,36106447279.0,4.99e-05,84456.344
2024-10-04T00:00:00+00:00,62067.4765625,29585472513.0,2.43e-06,84723.375
2024-10-05T00:00:00+00:00,62089.94921875,13305410749.0,8.61e-06,84276.544
2024-10-06T00:00:00+00:00,62818.953125,14776233667.0,4.18e-05,86185.674
2024-10-07T00:00:00+00:00,62236.66015625,34253562610.0,2.177e-05,83246.471
2024-10-08T00:00:00+00:00,62131.96875,28134475157.0,8.1e-05,85922.831
2024-10-09T00:00:00+00:00,60582.1015625,27670982363.0,7.939e-05,86901.553
2024-10-10T00:00:00+00:00,60274.5,30452813570.0,0.0001,85843.982
2024-10-11T00:00:00+00:00,62445.08984375,30327141594.0,1.2e-06,87533.767
2024-10-12T00:00:00+00:00,63193.0234375,16744110886.0,-1.489e-05,89354.75
2024-10-13T00:00:00+00:00,62851.375,18177529690.0,3.938e-05,85774.197
2024-10-14T00:00:00+00:00,66046.125,43706958056.0,0.0001,86445.082
2024-10-15T00:00:00+00:00,67041.109375,48863870879.0,0.0001,82779.101
2024-10-16T00:00:00+00:00,67612.71875,38195189534.0,0.0001,86461.085
2024-10-17T00:00:00+00:00,67399.8359375,32790898511.0,0.0001,81685.646
2024-10-18T00:00:00+00:00,68418.7890625,36857165014.0,0.0001,86390.062
2024-10-19T00:00:00+00:00,68362.734375,14443497908.0,0.0001,86749.239
2024-10-20T00:00:00+00:00,69001.703125,18975847518.0,0.0001,86609.797
2024-10-21T00:00:00+00:00,67367.8515625,37498611780.0,0.0001,86956.165
2024-10-22T00:00:00+00:00,67361.40625,31808472566.0,0.0001,86928.661
2024-10-23T00:00:00+00:00,66432.1953125,32263980353.0,0.0001,84249.392
2024-10-24T00:00:00+00:00,68161.0546875,31414428647.0,0.0001,85471.049
2024-10-25T00:00:00+00:00,66642.4140625,41469984306.0,0.0001,80098.846
2024-10-26T00:00:00+00:00,67014.6953125,19588098156.0,0.0001,80968.74
2024-10-27T00:00:00+00:00,67929.296875,16721307878.0,0.0001,82206.349
2024-10-28T00:00:00+00:00,69907.7578125,38799856657.0,8.946e-05,89115.037
2024-10-29T00:00:00+00:00,72720.4921875,58541874402.0,0.0001,90242.979
2024-10-30T00:00:00+00:00,72339.5390625,40646637831.0,0.0001,89315.493
2024-10-31T00:00:00+00:00,70215.1875,40627912076.0,0.0001,89544.929
2024-11-01T00:00:00+00:00,69482.46875,49989795365.0,0.0001,84087.599
2024-11-02T00:00:00+00:00,69289.2734375,18184612091.0,0.0001,85855.111
2024-11-03T00:00:00+00:00,68741.1171875,34868307655.0,0.0001,82985.243
2024-11-04T00:00:00+00:00,67811.5078125,41184819348.0,0.0001,84138.044
2024-11-05T00:00:00+00:00,69359.5625,46046889204.0,0.0001,82913.28
2024-11-06T00:00:00+00:00,75639.078125,118592653963.0,0.0001,89441.85
2024-11-07T00:00:00+00:00,75904.859375,63467654989.0,0.0001,88615.412
2024-11-08T00:00:00+00:00,76545.4765625,55176858003.0,0.0001,89975.084
2024-11-09T00:00:00+00:00,76778.8671875,29009480361.0,0.0001,87469.086
2024-11-10T00:00:00+00:00,80474.1875,82570594495.0,0.00014113,85939.832
2024-11-11T00:00:00+00:00,88701.484375,117966845037.0,0.0001,84951.36
2024-11-12T00:00:00+00:00,87955.8125,133673285375.0,0.00038754,84314.918
2024-11-13T00:00:00+00:00,90584.1640625,123559027869.0,0.00021856,83030.477
2024-11-14T00:00:00+00:00,87250.4296875,87616705248.0,0.0001,85959.147
2024-11-15T00:00:00+00:00,91066.0078125,78243109518.0,0.00010977,84836.027
2024-11-16T00:00:00+00:00,90558.4765625,44333192814.0,0.00013231,84696.56
2024-11-17T00:00:00+00:00,89845.8515625,46350159305.0,0.00010577,84052.753
2024-11-18T00:00:00+00:00,90542.640625,75535775084.0,0.00021318,84971.438
2024-11-19T00:00:00+00:00,92343.7890625,74521048295.0,0.00017959,85377.191
2024-11-20T00:00:00+00:00,94339.4921875,71730956426.0,0.0001,89561.299
2024-11-21T00:00:00+00:00,98504.7265625,106024505582.0,0.0001,89307.843
2024-11-22T00:00:00+00:00,98997.6640625,78473580551.0,0.0001,90671.153
2024-11-23T00:00:00+00:00,97777.28125,44414644677.0,0.0001,90282.742
2024-11-24T00:00:00+00:00,98013.8203125,51712020623.0,0.00023228,87507.222
2024-11-25T00:00:00+00:00,93102.296875,80909462490.0,0.00025233,90378.808
2024-11-26T00:00:00+00:00,91985.3203125,91656519855.0,0.00029599,87584.888
2024-11-27T00:00:00+00:00,95962.53125,71133452438.0,0.0001,86144.76
2024-11-28T00:00:00+00:00,95652.46875,52260008261.0,0.00011859,85987.754
2024-11-29T00:00:00+00:00,97461.5234375,54968682476.0,0.00021921,88021.766
2024-11-30T00:00:00+00:00,96449.0546875,31634227866.0,0.00012063,86886.501
2024-12-01T00:00:00+00:00,97279.7890625,36590695296.0,0.0001,86613.045
2024-12-02T00:00:00+00:00,95865.3046875,72680784305.0,0.00013387,86363.424
2024-12-03T00:00:00+00:00,96002.1640625,67067810961.0,0.00011952,87478.508
2024-12-04T00:00:00+00:00,98768.53125,77199817112.0,0.00023234,92642.832
2024-12-05T00:00:00+00:00,96593.5703125,149218945580.0,0.00047059,92201.575
2024-12-06T00:00:00+00:00,99920.7109375,94534772658.0,0.0001,89431.161
2024-12-07T00:00:00+00:00,99923.3359375,44177510897.0,0.0001409,88605.133
2024-12-08T00:00:00+00:00,101236.015625,44125751925.0,0.0001758,89375.095
2024-12-09T00:00:00+00:00,97432.71875,110676473908.0,0.00011115,89931.062
2024-12-10T00:00:00+00:00,96675.4296875,104823780634.0,0.0001,87743.112
2024-12-11T00:00:00+00:00,101173.03125,85391409936.0,0.0001,92933.371
2024-12-12T00:00:00+00:00,100043.0,72073983533.0,0.0001,91669.09
2024-12-13T00:00:00+00:00,101459.2578125,56894751583.0,0.0001,92004.474
2024-12-14T00:00:00+00:00,101372.96875,40422968793.0,0.0001,92610.017
2024-12-15T00:00:00+00:00,104298.6953125,51145914137.0,0.0001,98884.509
2024-12-16T00:00:00+00:00,106029.71875,91020417816.0,9.181e-05,93136.479
2024-12-17T00:00:00+00:00,106140.6015625,68589364868.0,0.0001,92379.01
2024-12-18T00:00:00+00:00,100041.5390625,93865656139.0,0.0001,92500.772
2024-12-19T00:00:00+00:00,97490.953125,97221662392.0,0.0001,91568.358
2024-12-20T00:00:00+00:00,97755.9296875,105634083408.0,0.0001,89107.0
2024-12-21T00:00:00+00:00,97224.7265625,51765334294.0,0.0001,87819.092
2024-12-22T00:00:00+00:00,95104.9375,43147981314.0,9.629e-05,86862.228
2024-12-23T00:00:00+00:00,94686.2421875,65239002919.0,8.981e-05,90262.465
2024-12-24T00:00:00+00:00,98676.09375,47114953674.0,0.0001,91745.762
2024-12-25T00:00:00+00:00,99299.1953125,33700394629.0,0.0001,91878.328
2024-12-26T00:00:00+00:00,95795.515625,47054980873.0,8.585e-05,89325.492
2024-12-27T00:00:00+00:00,94164.859375,52419934565.0,0.0001,89656.693
2024-12-28T00:00:00+00:00,95163.9296875,24107436185.0,5.173e-05,90696.294
2024-12-29T00:00:00+00:00,93530.2265625,29635885267.0,0.0001,89934.175
2024-12-30T00:00:00+00:00,92643.2109375,56188003691.0,0.0001,90901.515
2024-12-31T00:00:00+00:00,93429.203125,43625106843.0,0.0001,91237.347
2025-01-01T00:00:00+00:00,94419.7578125,24519888919.0,0.0001,92290.283
2025-01-02T00:00:00+00:00,96886.875,46009564411.0,0.0001,91933.181
2025-01-03T00:00:00+00:00,98107.4296875,35611391163.0,5.242e-05,90565.982
2025-01-04T00:00:00+00:00,98236.2265625,22342608078.0,7.98e-06,87457.503
2025-01-05T00:00:00+00:00,98314.9609375,20525254825.0,8.32e-05,90096.533
2025-01-06T00:00:00+00:00,102078.0859375,51823432705.0,0.0001,93902.766
2025-01-07T00:00:00+00:00,96922.703125,58685738547.0,8.279e-05,92131.358
2025-01-08T00:00:00+00:00,95043.5234375,63875859171.0,0.0001,90708.213
2025-01-09T00:00:00+00:00,92484.0390625,62777261693.0,-5.44e-06,87392.533
2025-01-10T00:00:00+00:00,94701.453125,62058693684.0,8.078e-05,88470.1
2025-01-11T00:00:00+00:00,94566.59375,18860894100.0,2.608e-05,87663.849
2025-01-12T00:00:00+00:00,94488.4375,20885130965.0,6.647e-05,87549.292
2025-01-13T00:00:00+00:00,94516.5234375,72978998252.0,8.81e-06,83846.402
2025-01-14T00:00:00+00:00,96534.046875,53769675818.0,9.496e-05,84491.968
2025-01-15T00:00:00+00:00,100504.4921875,57805923627.0,5.844e-05,86632.015
2025-01-16T00:00:00+00:00,99756.90625,54103781805.0,4.598e-05,86229.624
2025-01-17T00:00:00+00:00,104462.0390625,71888972663.0,3.432e-05,90556.742
2025-01-18T00:00:00+00:00,104408.0703125,50445655726.0,0.0001,87814.441
2025-01-19T00:00:00+00:00,101089.609375,76789928525.0,0.0001,84146.129
2025-01-20T00:00:00+00:00,102016.6640625,126279678351.0,0.0001,84057.982
2025-01-21T00:00:00+00:00,106146.265625,88733878242.0,0.0001,86596.492
2025-01-22T00:00:00+00:00,103653.0703125,53878181052.0,0.0001,83833.594
2025-01-23T00:00:00+00:00,103960.171875,104104515428.0,8.616e-05,80453.974
2025-01-24T00:00:00+00:00,104819.484375,52388229265.0,9.54e-05,82342.855
2025-01-25T00:00:00+00:00,104714.6484375,23888996502.0,7.782e-05,81553.981
2025-01-26T00:00:00+00:00,102682.5,22543395879.0,8.443e-05,81648.075
2025-01-27T00:00:00+00:00,102087.6875,89006608428.0,9.8e-07,84007.853
2025-01-28T00:00:00+00:00,101332.4765625,47180685494.0,9.848e-05,80332.024
2025-01-29T00:00:00+00:00,103703.2109375,47432049818.0,9.949e-05,81401.934
2025-01-30T00:00:00+00:00,104735.3046875,41915744521.0,9.499e-05,82971.871
2025-01-31T00:00:00+00:00,102405.0234375,45732764360.0,0.0001,83384.842
2025-02-01T00:00:00+00:00,100655.90625,27757944848.0,5.968e-05,84243.118
2025-02-02T00:00:00+00:00,97688.9765625,63091816853.0,-8.61e-06,83568.38
2025-02-03T00:00:00+00:00,101405.421875,115400897748.0,4.845e-05,78322.06
2025-02-04T00:00:00+00:00,97871.8203125,73002130211.0,4.138e-05,74870.066
2025-02-05T00:00:00+00:00,96615.4453125,49125911241.0,1.61e-05,76450.473
2025-02-06T00:00:00+00:00,96593.296875,45302471947.0,5.903e-05,75204.701
2025-02-07T00:00:00+00:00,96529.0859375,55741290456.0,5.167e-05,75993.54
2025-02-08T00:00:00+00:00,96482.453125,22447526395.0,3.24e-06,76262.283
2025-02-09T00:00:00+00:00,96500.09375,27732901800.0,2.839e-05,74484.248
2025-02-10T00:00:00+00:00,97437.5546875,40078962391.0,7.457e-05,75990.854
2025-02-11T00:00:00+00:00,95747.4296875,37488783272.0,-2.446e-05,79155.804
2025-02-12T00:00:00+00:00,97885.859375,49340445530.0,4.96e-05,78374.697
2025-02-13T00:00:00+00:00,96623.8671875,37147280860.0,8.05e-06,78469.961
2025-02-14T00:00:00+00:00,97508.96875,32697987277.0,7.093e-05,76975.29
2025-02-15T00:00:00+00:00,97580.3515625,17047266288.0,3.735e-05,76875.538
2025-02-16T00:00:00+00:00,96175.03125,16536755396.0,3.799e-05,76101.566
2025-02-17T00:00:00+00:00,95773.3828125,27336550690.0,2.009e-05,76980.361
2025-02-18T00:00:00+00:00,95539.546875,37325720482.0,0.0001,81978.877
2025-02-19T00:00:00+00:00,96635.609375,28990872862.0,8.96e-05,77709.802
2025-02-20T00:00:00+00:00,98333.9375,31668022771.0,7.346e-05,82419.61
2025-02-21T00:00:00+00:00,96125.546875,49608706470.0,-9.7e-07,81285.283
2025-02-22T00:00:00+00:00,96577.7578125,18353824477.0,2.318e-05,79662.012
2025-02-23T00:00:00+00:00,96273.921875,16999478976.0,1.478e-05,80419.492
2025-02-24T00:00:00+00:00,91418.171875,44046480529.0,2.05e-05,90351.827
2025-02-25T00:00:00+00:00,88736.171875,92139104128.0,1.385e-05,85153.312
2025-02-26T00:00:00+00:00,84347.0234375,64597492134.0,0.0001,82318.438
2025-02-27T00:00:00+00:00,84704.2265625,52659591954.0,9.433e-05,82513.11
2025-02-28T00:00:00+00:00,84373.0078125,83610570576.0,-3.73e-06,78947.448
2025-03-01T00:00:00+00:00,86031.9140625,29190628396.0,-8.58e-06,78477.403
2025-03-02T00:00:00+00:00,94248.3515625,58398341092.0,-2.869e-05,79049.404
2025-03-03T00:00:00+00:00,86065.671875,70072228536.0,5.272e-05,71171.525
2025-03-04T00:00:00+00:00,87222.1953125,68095241474.0,1.306e-05,67718.105
2025-03-05T00:00:00+00:00,90623.5625,50498988027.0,5.028e-05,69816.069
2025-03-06T00:00:00+00:00,89961.7265625,47749810486.0,6.818e-05,68745.855
2025-03-07T00:00:00+00:00,86742.671875,65945677657.0,2.028e-05,69111.742
2025-03-08T00:00:00+00:00,86154.59375,18206118081.0,1.208e-05,68425.001
2025-03-09T00:00:00+00:00,80601.0390625,30899345977.0,0.0001,70149.234
2025-03-10T00:00:00+00:00,78532.0,54061099422.0,4.037e-05,69692.488
2025-03-11T00:00:00+00:00,82862.2109375,54702837196.0,8.746e-05,69968.586
2025-03-12T00:00:00+00:00,83722.359375,40353484454.0,4.013e-05,68962.566
2025-03-13T00:00:00+00:00,81066.703125,31412940153.0,3.19e-05,72030.145
2025-03-14T00:00:00+00:00,83969.1015625,29588112414.0,3.57e-06,72975.574
2025-03-15T00:00:00+00:00,84343.109375,13650491277.0,-3.21e-06,70622.154
2025-03-16T00:00:00+00:00,82579.6875,21330270174.0,1.247e-05,68524.906
2025-03-17T00:00:00+00:00,84075.6875,25092785558.0,8.59e-06,71103.846
2025-03-18T00:00:00+00:00,82718.5,24095774594.0,3.514e-05,70453.053
2025-03-19T00:00:00+00:00,86854.2265625,34931960257.0,5.024e-05,76225.349
2025-03-20T00:00:00+00:00,84167.1953125,29028988961.0,1.086e-05,70731.836
2025-03-21T00:00:00+00:00,84043.2421875,19030452299.0,2.518e-05,70736.454
2025-03-22T00:00:00+00:00,83832.484375,9863214091.0,5.092e-05,70129.169
2025-03-23T00:00:00+00:00,86054.375,12594615537.0,4.02e-05,72903.525
2025-03-24T00:00:00+00:00,87498.9140625,34582604933.0,-3.422e-05,77221.553
2025-03-25T00:00:00+00:00,87471.703125,30005840049.0,-3.776e-05,75025.197
2025-03-26T00:00:00+00:00,86900.8828125,26704046038.0,-3.082e-05,70461.688
2025-03-27T00:00:00+00:00,87177.1015625,24413471941.0,-3.76e-05,70732.302
2025-03-28T00:00:00+00:00,84353.1484375,34198619509.0,8.118e-05,73855.534
2025-03-29T00:00:00+00:00,82597.5859375,16969396135.0,2.53e-05,71042.954
2025-03-30T00:00:00+00:00,82334.5234375,14763760943.0,4.588e-05,69934.069
2025-03-31T00:00:00+00:00,82548.9140625,29004228247.0,1.845e-05,68841.849
2025-04-01T00:00:00+00:00,85169.171875,28175650319.0,3.573e-05,71538.523
2025-04-02T00:00:00+00:00,82485.7109375,47584398470.0,7.33e-06,69853.242
2025-04-03T00:00:00+00:00,83102.828125,36852112080.0,6.484e-05,71579.881
2025-04-04T00:00:00+00:00,83843.8046875,45157640207.0,8.038e-05,72830.083
2025-04-05T00:00:00+00:00,83504.796875,14380803631.0,4.08e-06,70789.853
2025-04-06T00:00:00+00:00,78214.484375,36294853736.0,-6.03e-06,73134.17
2025-04-07T00:00:00+00:00,79235.3359375,91262424987.0,4.998e-05,70877.567
2025-04-08T00:00:00+00:00,76271.953125,48314590749.0,3.134e-05,73341.1
2025-04-09T00:00:00+00:00,82573.953125,84213627038.0,6.856e-05,74632.4
2025-04-10T00:00:00+00:00,79626.140625,44718000633.0,6.775e-05,73550.604
2025-04-11T00:00:00+00:00,83404.8359375,41656778779.0,3.29e-05,78186.868
2025-04-12T00:00:00+00:00,85287.109375,24258059104.0,5.388e-05,80937.752
2025-04-13T00:00:00+00:00,83684.9765625,28796984817.0,9.642e-05,77524.942
2025-04-14T00:00:00+00:00,84542.390625,34090769777.0,2.428e-05,75818.0
2025-04-15T00:00:00+00:00,83668.9921875,28040322885.0,1.883e-05,77459.184
2025-04-16T00:00:00+00:00,84033.8671875,29617804112.0,1.978e-05,76363.667
2025-04-17T00:00:00+00:00,84895.75,21276866029.0,3.425e-05,78013.242
2025-04-18T00:00:00+00:00,84450.8046875,12728372364.0,2.995e-05,76433.622
2025-04-19T00:00:00+00:00,85063.4140625,15259300427.0,-1.953e-05,79184.598
2025-04-20T00:00:00+00:00,85174.3046875,14664050812.0,-2.258e-05,77416.471
2025-04-21T00:00:00+00:00,87518.90625,41396190190.0,1.553e-05,82121.374
2025-04-22T00:00:00+00:00,93441.890625,55899038456.0,-7.045e-05,84569.012
2025-04-23T00:00:00+00:00,93699.109375,41719568821.0,4.587e-05,81651.72
2025-04-24T00:00:00+00:00,93943.796875,31483175315.0,-2.165e-05,82880.683
2025-04-25T00:00:00+00:00,94720.5,40915232364.0,1.2e-06,86023.562
2025-04-26T00:00:00+00:00,94646.9296875,17612825123.0,2.855e-05,83908.875
2025-04-27T00:00:00+00:00,93754.84375,18090367764.0,-4.21e-06,84165.372
2025-04-28T00:00:00+00:00,94978.75,32363449569.0,-5.821e-05,81930.526
2025-04-29T00:00:00+00:00,94284.7890625,25806129921.0,1.305e-05,81975.447
2025-04-30T00:00:00+00:00,94207.3125,28344679831.0,-3.797e-05,80085.011
2025-05-01T00:00:00+00:00,96492.3359375,32875889623.0,-8.028e-05,86024.787
2025-05-02T00:00:00+00:00,96910.0703125,26421924677.0,-8.689e-05,86234.604
2025-05-03T00:00:00+00:00,95891.796875,15775154889.0,-1.483e-05,83719.958
2025-05-04T00:00:00+00:00,94315.9765625,18198688416.0,3.745e-05,81781.683
2025-05-05T00:00:00+00:00,94748.0546875,25816260327.0,-2.247e-05,80389.447
2025-05-06T00:00:00+00:00,96802.4765625,26551275827.0,7.57e-06,82532.419
2025-05-07T00:00:00+00:00,97032.3203125,76983822462.0,1.32e-05,81443.133
2025-05-08T00:00:00+00:00,103241.4609375,69895404397.0,5.728e-05,79514.574
2025-05-09T00:00:00+00:00,102970.8515625,58198593958.0,4.378e-05,78466.358
2025-05-10T00:00:00+00:00,104696.328125,42276713994.0,4.257e-05,79950.718
2025-05-11T00:00:00+00:00,104106.359375,46285517406.0,0.0001,81331.618
2025-05-12T00:00:00+00:00,102812.953125,63250475404.0,2.301e-05,81619.983
2025-05-13T00:00:00+00:00,104169.8125,52608876410.0,7.256e-05,82270.93
2025-05-14T00:00:00+00:00,103539.4140625,45956071155.0,3.175e-05,80227.713
2025-05-15T00:00:00+00:00,103744.640625,50408241840.0,1.439e-05,79526.047
2025-05-16T00:00:00+00:00,103489.2890625,44386499364.0,4.768e-05,80264.766
2025-05-17T00:00:00+00:00,103191.0859375,37898552742.0,5.97e-06,78568.756
2025-05-18T00:00:00+00:00,106446.0078125,49887082058.0,0.0001,80978.929
2025-05-19T00:00:00+00:00,105606.1796875,61761126647.0,2.11e-05,82341.786
2025-05-20T00:00:00+00:00,106791.0859375,36515726122.0,1.266e-05,83827.018
2025-05-21T00:00:00+00:00,109678.078125,78086364051.0,5.119e-05,86980.918
2025-05-22T00:00:00+00:00,111673.28125,70157575642.0,0.0001,88030.201
2025-05-23T00:00:00+00:00,107287.796875,67548133399.0,8.614e-05,84035.595
2025-05-24T00:00:00+00:00,107791.15625,45903627163.0,7.837e-05,86276.107
2025-05-25T00:00:00+00:00,109035.390625,47518041841.0,3.651e-05,87959.179
2025-05-26T00:00:00+00:00,109440.3671875,45950461571.0,9.782e-05,90182.612
2025-05-27T00:00:00+00:00,108994.640625,57450176272.0,2.476e-05,86811.242
2025-05-28T00:00:00+00:00,107802.328125,49155377493.0,5.368e-05,87222.658
2025-05-29T00:00:00+00:00,105641.7578125,56022752042.0,8.379e-05,85633.755
2025-05-30T00:00:00+00:00,103998.5703125,57655287183.0,7.392e-05,82415.954
2025-05-31T00:00:00+00:00,104638.09375,38997843858.0,4.687e-05,83551.629
2025-06-01T00:00:00+00:00,105652.1015625,37397056873.0,4.117e-05,82804.416
2025-06-02T00:00:00+00:00,105881.53125,45819706290.0,4.467e-05,82000.887
2025-06-03T00:00:00+00:00,105432.46875,46196508367.0,4.456e-05,82486.529
2025-06-04T00:00:00+00:00,104731.984375,44544857105.0,9.62e-06,80790.898
2025-06-05T00:00:00+00:00,101575.953125,57479298400.0,5.156e-05,82247.529
2025-06-06T00:00:00+00:00,104390.34375,48856653697.0,-2.995e-05,84607.043
2025-06-07T00:00:00+00:00,105615.625,38365033776.0,2.94e-06,83206.626
2025-06-08T00:00:00+00:00,105793.6484375,36626232328.0,-3.602e-05,82511.392
2025-06-09T00:00:00+00:00,110294.1015625,55903193732.0,3.057e-05,86408.093
2025-06-10T00:00:00+00:00,110257.234375,54700101509.0,8.165e-05,84493.376
2025-06-11T00:00:00+00:00,108686.625,50842662052.0,5.039e-05,82285.949
2025-06-12T00:00:00+00:00,105929.0546875,54843867968.0,1.198e-05,79455.085
2025-06-13T00:00:00+00:00,106090.96875,69550440846.0,3.857e-05,78497.08
2025-06-14T00:00:00+00:00,105472.40625,38007870453.0,1.135e-05,78209.462
2025-06-15T00:00:00+00:00,105552.0234375,36744307742.0,7.369e-05,78624.389
2025-06-16T00:00:00+00:00,106796.7578125,50366626945.0,2.793e-05,77946.862
2025-06-17T00:00:00+00:00,104601.1171875,55964092176.0,2.211e-05,76552.482
2025-06-18T00:00:00+00:00,104883.328125,47318089133.0,6.692e-05,76490.255
2025-06-19T00:00:00+00:00,104684.2890625,37333806920.0,2.396e-05,77793.71
2025-06-20T00:00:00+00:00,103309.6015625,50951862476.0,2.4e-05,77505.706
2025-06-21T00:00:00+00:00,102257.40625,38360555118.0,7.44e-05,75459.019
2025-06-22T00:00:00+00:00,100987.140625,65536997201.0,4.145e-05,78683.302
2025-06-23T00:00:00+00:00,105577.7734375,65237759656.0,4.889e-05,72609.466
2025-06-24T00:00:00+00:00,106045.6328125,48822986421.0,4.47e-06,75448.899
2025-06-25T00:00:00+00:00,107361.2578125,51624120283.0,9.62e-06,76626.179
2025-06-26T00:00:00+00:00,106960.0,43891990613.0,6.82e-06,77712.998
2025-06-27T00:00:00+00:00,107088.4296875,45353692675.0,2.557e-05,75329.475
2025-06-28T00:00:00+00:00,107327.703125,30037708335.0,4.434e-05,75523.864
2025-06-29T00:00:00+00:00,108385.5703125,35534874438.0,0.0001,77916.541
2025-06-30T00:00:00+00:00,107135.3359375,42064804590.0,4.923e-05,76425.99
2025-07-01T00:00:00+00:00,105698.28125,44110692247.0,1.109e-05,74368.387
2025-07-02T00:00:00+00:00,108859.3203125,56248657737.0,4.13e-05,81361.331
2025-07-03T00:00:00+00:00,109647.9765625,50494742270.0,5.028e-05,82935.493
2025-07-04T00:00:00+00:00,108034.3359375,42616442656.0,1.797e-05,79507.862
2025-07-05T00:00:00+00:00,108231.1796875,30615537520.0,4.005e-05,79294.583
2025-07-06T00:00:00+00:00,109232.0703125,36746020463.0,1.028e-05,77925.439
2025-07-07T00:00:00+00:00,108299.8515625,45415696597.0,4.271e-05,78235.738
2025-07-08T00:00:00+00:00,108950.2734375,44282204127.0,3.601e-05,78100.428
2025-07-09T00:00:00+00:00,111326.5546875,57927418065.0,4.253e-05,85656.295
2025-07-10T00:00:00+00:00,115987.203125,95911605728.0,1.908e-05,85104.813
2025-07-11T00:00:00+00:00,117516.9921875,86928361085.0,0.0001,87802.017
2025-07-12T00:00:00+00:00,117435.2265625,45524560304.0,0.0001,88029.021
2025-07-13T00:00:00+00:00,119116.1171875,49021091807.0,0.0001,89419.39
2025-07-14T00:00:00+00:00,119849.703125,181746419401.0,0.0001,93070.334
2025-07-15T00:00:00+00:00,117777.1875,98321661181.0,0.0001,89719.159
2025-07-16T00:00:00+00:00,118738.5078125,72162029070.0,0.0001,89544.46
2025-07-17T00:00:00+00:00,119289.84375,72363841798.0,0.0001,89608.477
2025-07-18T00:00:00+00:00,118003.2265625,77945799785.0,0.0001,89349.022
2025-07-19T00:00:00+00:00,117939.9765625,47564562765.0,0.0001,87692.615
2025-07-20T00:00:00+00:00,117300.7890625,57515447231.0,0.0001,89276.476
2025-07-21T00:00:00+00:00,117439.5390625,69820091744.0,0.0001,90303.941
2025-07-22T00:00:00+00:00,119995.4140625,79217583118.0,0.0001,90080.732
2025-07-23T00:00:00+00:00,118754.9609375,66608604537.0,0.0001,87174.598
2025-07-24T00:00:00+00:00,118368.0,72627318560.0,0.0001,89595.196
2025-07-25T00:00:00+00:00,117635.8828125,104857024569.0,0.0001,91507.402
2025-07-26T00:00:00+00:00,117947.3671875,48508954046.0,0.0001,89294.413
2025-07-27T00:00:00+00:00,119448.4921875,54683390892.0,0.0001,90391.576
2025-07-28T00:00:00+00:00,117924.4765625,64822943193.0,0.0001,91809.746
2025-07-29T00:00:00+00:00,117922.1484375,68463107433.0,0.0001,90965.943
2025-07-30T00:00:00+00:00,117831.1875,68896148592.0,0.0001,91480.686
2025-07-31T00:00:00+00:00,115758.203125,69370346018.0,0.0001,90242.852
2025-08-01T00:00:00+00:00,113320.0859375,91294530181.0,5.681e-05,89004.236
2025-08-02T00:00:00+00:00,112526.9140625,56870866000.0,4.437e-05,85730.243
2025-08-03T00:00:00+00:00,114217.671875,48099615826.0,7.504e-05,85207.636
2025-08-04T00:00:00+00:00,115071.8828125,35783028986.0,3.912e-05,84829.515
2025-08-05T00:00:00+00:00,114141.4453125,61039182286.0,4.784e-05,83848.531
2025-08-06T00:00:00+00:00,115028.0,56379133510.0,8.288e-05,83762.857
2025-08-07T00:00:00+00:00,117496.8984375,64051649681.0,6.275e-05,82983.91
2025-08-08T00:00:00+00:00,116688.7265625,59713005166.0,7.973e-05,82228.761
2025-08-09T00:00:00+00:00,116500.359375,54004312429.0,5.151e-05,84005.291
2025-08-10T00:00:00+00:00,119306.7578125,64755458694.0,0.0001,86956.39
2025-08-11T00:00:00+00:00,118731.4453125,90528784177.0,0.0001,89725.76
2025-08-12T00:00:00+00:00,120172.90625,72803657984.0,8.543e-05,88969.703
2025-08-13T00:00:00+00:00,123344.0625,90904808795.0,0.0001,93245.38
2025-08-14T00:00:00+00:00,118359.578125,104055627395.0,0.0001,91925.697
2025-08-15T00:00:00+00:00,117398.3515625,68665353159.0,3.722e-05,89022.785
2025-08-16T00:00:00+00:00,117491.3515625,48036922378.0,9.023e-05,90567.59
2025-08-17T00:00:00+00:00,117453.0625,45852169525.0,1.862e-05,89560.072
2025-08-18T00:00:00+00:00,116252.3125,72787808090.0,5.296e-05,87486.342
2025-08-19T00:00:00+00:00,112831.1796875,71657600353.0,3.167e-05,87863.05
2025-08-20T00:00:00+00:00,114274.7421875,67993811526.0,4.936e-05,85994.263
2025-08-21T00:00:00+00:00,112419.03125,57817883700.0,7.414e-05,89657.848
2025-08-22T00:00:00+00:00,116874.0859375,82528088240.0,5.867e-05,88577.47
2025-08-23T00:00:00+00:00,115374.328125,55377142586.0,9.711e-05,91748.224
2025-08-24T00:00:00+00:00,113458.4296875,73961489632.0,0.0001,93742.251
2025-08-25T00:00:00+00:00,110124.3515625,85706860190.0,8.344e-05,90123.22
2025-08-26T00:00:00+00:00,111802.65625,69396320317.0,0.0001,89251.985
2025-08-27T00:00:00+00:00,111222.0625,62137056409.0,3.496e-05,88137.738
2025-08-28T00:00:00+00:00,112544.8046875,58860155962.0,7.512e-05,88004.436
2025-08-29T00:00:00+00:00,108410.8359375,77843379644.0,6.44e-06,89145.425
2025-08-30T00:00:00+00:00,108808.0703125,51486264208.0,8.042e-05,89550.131
2025-08-31T00:00:00+00:00,108236.7109375,47986191770.0,0.0001,89832.067
2025-09-01T00:00:00+00:00,109250.59375,66870372995.0,4.963e-05,88447.967
2025-09-02T00:00:00+00:00,111200.5859375,74776999491.0,6.356e-05,89269.39
2025-09-03T00:00:00+00:00,111723.2109375,61119643565.0,2.344e-05,90305.298
2025-09-04T00:00:00+00:00,110723.6015625,60131132901.0,7.941e-05,88078.6
2025-09-05T00:00:00+00:00,110650.984375,60241647677.0,7.872e-05,87253.364
2025-09-06T00:00:00+00:00,110224.6953125,21500719036.0,5.11e-05,86989.727
2025-09-07T00:00:00+00:00,111167.6171875,24618007520.0,6.969e-05,88888.088
2025-09-08T00:00:00+00:00,112071.4296875,40212813407.0,7.311e-05,91251.688
2025-09-09T00:00:00+00:00,111530.546875,45984480722.0,0.0001,92140.779
2025-09-10T00:00:00+00:00,113955.359375,56377473784.0,0.0001,93802.932
2025-09-11T00:00:00+00:00,115507.5390625,45685065332.0,3.326e-05,92643.921
2025-09-12T00:00:00+00:00,116101.578125,54785725894.0,6.891e-05,91691.068
2025-09-13T00:00:00+00:00,115950.5078125,34549454947.0,3.137e-05,89215.409
2025-09-14T00:00:00+00:00,115407.65625,32798036057.0,3.115e-05,87747.168
2025-09-15T00:00:00+00:00,115444.875,52937859416.0,8.189e-05,88351.4
2025-09-16T00:00:00+00:00,116843.1875,45781744593.0,6.472e-05,90738.318
2025-09-17T00:00:00+00:00,116468.5078125,60528025996.0,6.303e-05,87443.421
2025-09-18T00:00:00+00:00,117137.203125,49457272032.0,4.208e-05,91079.361
2025-09-19T00:00:00+00:00,115688.859375,38828473971.0,5.264e-05,90128.548
2025-09-20T00:00:00+00:00,115721.9609375,22864449614.0,-1.006e-05,89156.294
2025-09-21T00:00:00+00:00,115306.09375,22495852193.0,3.742e-05,88679.926
2025-09-22T00:00:00+00:00,112748.5078125,70684158591.0,4.838e-05,87113.659
2025-09-23T00:00:00+00:00,112014.5,47211853279.0,7.478e-05,88246.161
2025-09-24T00:00:00+00:00,113328.6328125,48044595085.0,4.886e-05,89149.182
2025-09-25T00:00:00+00:00,109049.2890625,75528654284.0,9.56e-05,84823.244
2025-09-26T00:00:00+00:00,109712.828125,57738288949.0,7.716e-05,84921.811
2025-09-27T00:00:00+00:00,109681.9453125,26308042910.0,7.821e-05,84552.977
2025-09-28T00:00:00+00:00,112122.640625,33371048505.0,5.261e-05,86092.045
2025-09-29T00:00:00+00:00,114400.3828125,60000147466.0,3.2e-07,88866.579
2025-09-30T00:00:00+00:00,114056.0859375,58986330258.0,2.584e-05,88526.435
2025-10-01T00:00:00+00:00,118648.9296875,71328680132.0,0.0001,91466.092
2025-10-02T00:00:00+00:00,120681.2578125,71415163912.0,9.543e-05,93675.414
2025-10-03T00:00:00+00:00,122266.53125,83941392228.0,0.0001,95866.174
2025-10-04T00:00:00+00:00,122425.4296875,36769171735.0,8.312e-05,96414.139
2025-10-05T00:00:00+00:00,123513.4765625,73689317763.0,9.566e-05,99288.679
2025-10-06T00:00:00+00:00,124752.53125,72568881188.0,5.831e-05,100137.425
2025-10-07T00:00:00+00:00,121451.3828125,76149412513.0,6.194e-05,93160.662
2025-10-08T00:00:00+00:00,123354.8671875,65354305286.0,5.396e-05,92251.696
2025-10-09T00:00:00+00:00,121705.5859375,74653009425.0,1.455e-05,96730.266
2025-10-10T00:00:00+00:00,113214.3671875,153125018868.0,1.013e-05,72613.782
2025-10-11T00:00:00+00:00,110807.8828125,110236934340.0,4.67e-06,74333.79
2025-10-12T00:00:00+00:00,115169.765625,93710414091.0,-0.00010915,75918.435
2025-10-13T00:00:00+00:00,115271.078125,71582026739.0,-2.305e-05,76672.957
2025-10-14T00:00:00+00:00,113118.6640625,92212917403.0,-4.498e-05,79284.835
2025-10-15T00:00:00+00:00,110783.1640625,72574132855.0,2.25e-06,78149.26
2025-10-16T00:00:00+00:00,108186.0390625,87306423067.0,-3.004e-05,79755.553
2025-10-17T00:00:00+00:00,106467.7890625,99703051669.0,-2.91e-06,79035.643
2025-10-18T00:00:00+00:00,107198.265625,37779905278.0,-3.681e-05,82232.174
2025-10-19T00:00:00+00:00,108666.7109375,47657008953.0,2.787e-05,80787.727
2025-10-20T00:00:00+00:00,110588.9296875,63507793085.0,-1.8e-07,83840.809
2025-10-21T00:00:00+00:00,108476.890625,101194375480.0,-2.506e-05,82918.324
2025-10-22T00:00:00+00:00,107688.5859375,80807013218.0,5.702e-05,75968.756
2025-10-23T00:00:00+00:00,110069.7265625,54944076060.0,3.933e-05,76584.254
2025-10-24T00:00:00+00:00,111033.921875,48160816980.0,3.224e-05,77769.86
2025-10-25T00:00:00+00:00,111641.7265625,24707667305.0,5.57e-05,79307.006
2025-10-26T00:00:00+00:00,114472.4453125,41708524143.0,6.904e-05,81741.863
2025-10-27T00:00:00+00:00,114119.328125,61761358733.0,7.304e-05,78019.129
2025-10-28T00:00:00+00:00,112956.1640625,64528066504.0,2.992e-05,75821.636
2025-10-29T00:00:00+00:00,110055.3046875,62192043469.0,5.003e-05,78319.052
2025-10-30T00:00:00+00:00,108305.546875,69673964814.0,3.562e-05,77900.512
2025-10-31T00:00:00+00:00,109556.1640625,60090359560.0,0.0001,78358.996
2025-11-01T00:00:00+00:00,110064.015625,25871668762.0,9.782e-05,76681.148
2025-11-02T00:00:00+00:00,110639.625,34284209459.0,5.635e-05,76022.226
2025-11-03T00:00:00+00:00,106547.5234375,72852006359.0,5.329e-05,77417.846
2025-11-04T00:00:00+00:00,101590.5234375,110967184773.0,6.339e-05,81004.805
2025-11-05T00:00:00+00:00,103891.8359375,77584934804.0,2.816e-05,83888.484
2025-11-06T00:00:00+00:00,101301.2890625,63932752861.0,4.494e-05,82292.511
2025-11-07T00:00:00+00:00,103372.40625,92168030081.0,8.631e-05,86828.889
2025-11-08T00:00:00+00:00,102282.1171875,51446691095.0,3.74e-05,84277.906
2025-11-09T00:00:00+00:00,104719.640625,59679243013.0,8.948e-05,85498.204
2025-11-10T00:00:00+00:00,105996.59375,69585887229.0,4.979e-05,86847.449
2025-11-11T00:00:00+00:00,102997.46875,71130078574.0,5.823e-05,85642.465
2025-11-12T00:00:00+00:00,101663.1875,64347179408.0,5.786e-05,85988.091
2025-11-13T00:00:00+00:00,99697.4921875,101546815416.0,7.448e-05,91608.828
2025-11-14T00:00:00+00:00,94397.7890625,114346441890.0,9.078e-05,93386.8
2025-11-15T00:00:00+00:00,95549.1484375,38500716654.0,5.923e-05,96867.482
2025-11-16T00:00:00+00:00,94177.078125,71086235862.0,7.06e-05,98685.164
2025-11-17T00:00:00+00:00,92093.875,94186165724.0,7.208e-05,101318.671
2025-11-18T00:00:00+00:00,92948.875,101333569062.0,3.725e-05,99954.956
2025-11-19T00:00:00+00:00,91465.9921875,80350354656.0,3.98e-05,100821.312
2025-11-20T00:00:00+00:00,86631.8984375,97970645638.0,8.999e-05,105044.067
2025-11-21T00:00:00+00:00,85090.6875,129157506112.0,2.642e-05,98408.861
2025-11-22T00:00:00+00:00,84648.359375,40793099246.0,5.057e-05,98862.435
2025-11-23T00:00:00+00:00,86805.0078125,58083435576.0,-8.93e-06,96647.285
2025-11-24T00:00:00+00:00,88270.5625,74433896110.0,5.044e-05,93201.296
2025-11-25T00:00:00+00:00,87341.890625,64837343545.0,-3.019e-05,90029.092
2025-11-26T00:00:00+00:00,90518.3671875,66496301869.0,-4.19e-06,88994.913
2025-11-27T00:00:00+00:00,91285.375,57040622845.0,4.624e-05,90207.005
2025-11-28T00:00:00+00:00,90919.265625,60895830289.0,-1.703e-05,89275.718
2025-11-29T00:00:00+00:00,90851.7578125,37921773455.0,2.635e-05,88486.551
2025-11-30T00:00:00+00:00,90394.3125,38497902869.0,3.88e-05,90584.642
2025-12-01T00:00:00+00:00,86321.5703125,87962894424.0,1.491e-05,88384.984
2025-12-02T00:00:00+00:00,91350.203125,78546798211.0,3.999e-05,88900.526
2025-12-03T00:00:00+00:00,93527.8046875,77650204986.0,-8.85e-06,88324.724
2025-12-04T00:00:00+00:00,92141.625,64538402681.0,3.928e-05,89253.082
2025-12-05T00:00:00+00:00,89387.7578125,63256398633.0,3.91e-06,86708.825
2025-12-06T00:00:00+00:00,89272.375,37994042405.0,-1.822e-05,87642.593
2025-12-07T00:00:00+00:00,90405.640625,47394898960.0,5.212e-05,87157.665
2025-12-08T00:00:00+00:00,90640.203125,57394099056.0,3.395e-05,87041.247
2025-12-09T00:00:00+00:00,92691.7109375,66861721440.0,5.443e-05,88590.633
2025-12-10T00:00:00+00:00,92020.9453125,65420694513.0,3.205e-05,85474.085
2025-12-11T00:00:00+00:00,92511.3359375,64532834621.0,6.1e-05,87102.954
2025-12-12T00:00:00+00:00,90270.4140625,80275884583.0,3.383e-05,87505.083
2025-12-13T00:00:00+00:00,90298.7109375,64237748110.0,6.041e-05,87754.693
2025-12-14T00:00:00+00:00,88175.1796875,50465972205.0,3.773e-05,88545.915
2025-12-15T00:00:00+00:00,86419.78125,45559514323.0,3.081e-05,91474.23
2025-12-16T00:00:00+00:00,87843.984375,41262178223.0,4.089e-05,88599.498
2025-12-17T00:00:00+00:00,86143.7578125,44243392914.0,5.917e-05,88166.412
2025-12-18T00:00:00+00:00,85462.5078125,52667115348.0,8.355e-05,89787.591
2025-12-19T00:00:00+00:00,88103.3828125,46733310561.0,0.0001,91993.869
2025-12-20T00:00:00+00:00,88344.0,14688196659.0,7.171e-05,91226.887
2025-12-21T00:00:00+00:00,88621.75,19845522660.0,3.977e-05,89864.56
2025-12-22T00:00:00+00:00,88490.015625,38047472118.0,6.654e-05,91128.1
2025-12-23T00:00:00+00:00,87414.0,43683011533.0,1.795e-05,95128.237
2025-12-24T00:00:00+00:00,87611.9609375,25550297986.0,5.927e-05,92607.063
2025-12-25T00:00:00+00:00,87234.7421875,19953216347.0,8.322e-05,93185.622
2025-12-26T00:00:00+00:00,87301.4296875,42455674908.0,0.0001,92492.55
2025-12-27T00:00:00+00:00,87802.15625,13741199310.0,5.85e-05,91504.247
2025-12-28T00:00:00+00:00,87835.8359375,15156557929.0,9.464e-05,93051.193
2025-12-29T00:00:00+00:00,87138.140625,48411625849.0,4.826e-05,94901.793
2025-12-30T00:00:00+00:00,88430.1328125,35586356225.0,8.345e-05,94709.619
2025-12-31T00:00:00+00:00,87508.828125,33830210616.0,3.75e-05,94202.585
