record_id,split,source,asset,venue,context,opportunity,observation_key,action,action_side,reward_bps,cost_adjusted_reward_bps,reward_used_bps,reward_status,cost_known,terminal,elapsed_minutes,next_step
repeat-paper-21-chip-microstructure-flow,repeat,repeat,CHIP,,microstructure_flow,chip_microstructure_flow_paper_probe,CHIP/microstructure_flow/any_venue,paper_long,long,361.20465087,346.94750309,346.94750309,cost_adjusted_win,yes,yes,288.35,repeat the ticket and add stop/adverse-excursion notes before any promotion
repeat-paper-02-sui-repeat-execution,repeat,repeat,SUI,,repeat_execution,sui_okx_on_chain_flow_repeat_execution_gate,SUI/repeat_execution/any_venue,paper_long,long,266.66666667,258.41179570,258.41179570,cost_adjusted_win,yes,yes,342.80,repeat the ticket and add stop/adverse-excursion notes before any promotion
repeat-paper-26-sui-liquidation-intensity,repeat,repeat,SUI,,liquidation_intensity,sui_okx_liquidation_intensity_paper_gate,SUI/liquidation_intensity/any_venue,paper_long,long,266.66666667,258.41179570,258.41179570,cost_adjusted_win,yes,yes,342.80,repeat the ticket and add stop/adverse-excursion notes before any promotion
repeat-paper-01-sui-repeat-execution,repeat,repeat,SUI,,repeat_execution,sui_hl_on_chain_flow_repeat_execution_gate,SUI/repeat_execution/any_venue,paper_long,long,258.45989875,250.20502778,250.20502778,cost_adjusted_win,yes,yes,342.80,repeat the ticket and add stop/adverse-excursion notes before any promotion
repeat-paper-19-sui-microstructure-flow,repeat,repeat,SUI,,microstructure_flow,sui_microstructure_flow_paper_probe,SUI/microstructure_flow/any_venue,paper_long,long,258.45989875,250.20502778,250.20502778,cost_adjusted_win,yes,yes,342.80,repeat the ticket and add stop/adverse-excursion notes before any promotion
repeat-lane-sol-sol-volume-price-dislocation,repeat,symbol_lane_repeat,SOL,,volume_price_dislocation,sol_volume_price_dislocation,SOL/volume_price_dislocation/any_venue,paper_long,long,245.14268367,236.86955637,236.86955637,cost_adjusted_win,yes,yes,351.32,repeat the ticket and add stop/adverse-excursion notes before any promotion
repeat-paper-09-sol-volume-dislocation,repeat,repeat,SOL,,volume_price_dislocation,sol_volume_price_dislocation,SOL/volume_price_dislocation/any_venue,paper_long,long,243.12142413,234.84829683,234.84829683,cost_adjusted_win,yes,yes,423.10,repeat the ticket and add stop/adverse-excursion notes before any promotion
repeat-repeat-paper-02-sui-repeat-execution,repeat,second_repeat,SUI,,repeat_execution,sui_okx_on_chain_flow_repeat_execution_gate,SUI/repeat_execution/any_venue,paper_long,long,229.43153588,221.17666491,221.17666491,cost_adjusted_win,yes,yes,326.40,repeat the ticket and add stop/adverse-excursion notes before any promotion
repeat-repeat-paper-26-sui-liquidation-intensity,repeat,second_repeat,SUI,,liquidation_intensity,sui_okx_liquidation_intensity_paper_gate,SUI/liquidation_intensity/any_venue,paper_long,long,229.43153588,221.17666491,221.17666491,cost_adjusted_win,yes,yes,326.40,repeat the ticket and add stop/adverse-excursion notes before any promotion
repeat-repeat-paper-01-sui-repeat-execution,repeat,second_repeat,SUI,,repeat_execution,sui_hl_on_chain_flow_repeat_execution_gate,SUI/repeat_execution/any_venue,paper_long,long,229.43153588,221.17666491,221.17666491,cost_adjusted_win,yes,yes,326.40,repeat the ticket and add stop/adverse-excursion notes before any promotion
repeat-repeat-paper-19-sui-microstructure-flow,repeat,second_repeat,SUI,,microstructure_flow,sui_microstructure_flow_paper_probe,SUI/microstructure_flow/any_venue,paper_long,long,229.43153588,221.17666491,221.17666491,cost_adjusted_win,yes,yes,326.40,repeat the ticket and add stop/adverse-excursion notes before any promotion
repeat-paper-20-mon-microstructure-flow,repeat,repeat,MON,,microstructure_flow,mon_microstructure_flow_paper_probe,MON/microstructure_flow/any_venue,paper_long,long,210.97432612,197.92001690,197.92001690,cost_adjusted_win,yes,yes,326.40,repeat the ticket and add stop/adverse-excursion notes before any promotion
repeat-repeat-paper-09-sol-volume-dislocation,repeat,second_repeat,SOL,,volume_price_dislocation,sol_volume_price_dislocation,SOL/volume_price_dislocation/any_venue,paper_long,long,193.30967303,185.03654573,185.03654573,cost_adjusted_win,yes,yes,326.40,repeat the ticket and add stop/adverse-excursion notes before any promotion
repeat-lane-sol-solana-stablecoin-migration,repeat,symbol_lane_repeat,SOL,,stablecoin_migration,solana_stablecoin_migration,SOL/stablecoin_migration/any_venue,paper_long,long,188.23209757,179.95897027,179.95897027,cost_adjusted_win,yes,yes,168.29,repeat the ticket and add stop/adverse-excursion notes before any promotion
repeat-lane-sol-sol-attention-price-context,repeat,symbol_lane_repeat,SOL,,news_event,sol_attention_price_context,SOL/news_event/any_venue,paper_long,long,188.23209757,179.95897027,179.95897027,cost_adjusted_win,yes,yes,168.29,repeat the ticket and add stop/adverse-excursion notes before any promotion
repeat-paper-46-zec-sector-rotation,repeat,repeat,ZEC,,sector_rotation,zec_privacy_sector_rotation_context,ZEC/sector_rotation/any_venue,paper_long,long,186.61266941,175.29965483,175.29965483,cost_adjusted_win,yes,yes,26.55,repeat the ticket and add stop/adverse-excursion notes before any promotion
repeat-paper-44-zec-attention-event,repeat,repeat,ZEC,,news_event,zec_attention_price_context,ZEC/news_event/any_venue,paper_long,long,186.61266941,175.29965483,175.29965483,cost_adjusted_win,yes,yes,21.07,repeat the ticket and add stop/adverse-excursion notes before any promotion
repeat-paper-23-zec-wallet-entity-flow,repeat,repeat,ZEC,,wallet_entity_flow,public_hypertracker_example_zec_wallet_flow_actionability,ZEC/wallet_entity_flow/any_venue,paper_long,long,186.61266941,175.29965483,175.29965483,cost_adjusted_win,yes,yes,26.55,repeat the ticket and add stop/adverse-excursion notes before any promotion
repeat-lane-zec-zec-attention-price-context,repeat,symbol_lane_repeat,ZEC,,news_event,zec_attention_price_context,ZEC/news_event/any_venue,paper_long,long,186.61266941,175.29965483,175.29965483,cost_adjusted_win,yes,yes,19.24,repeat the ticket and add stop/adverse-excursion notes before any promotion
repeat-lane-zec-zec-institutional-flow-news-event,repeat,symbol_lane_repeat,ZEC,,news_event,zec_institutional_flow_news_event,ZEC/news_event/any_venue,paper_long,long,186.61266941,175.29965483,175.29965483,cost_adjusted_win,yes,yes,19.24,repeat the ticket and add stop/adverse-excursion notes before any promotion
repeat-lane-zec-zec-narrative-event-news-event,repeat,symbol_lane_repeat,ZEC,,news_event,zec_narrative_event_news_event,ZEC/news_event/any_venue,paper_long,long,186.61266941,175.29965483,175.29965483,cost_adjusted_win,yes,yes,19.24,repeat the ticket and add stop/adverse-excursion notes before any promotion
repeat-lane-eth-eth-volume-price-dislocation,repeat,symbol_lane_repeat,ETH,,volume_price_dislocation,eth_volume_price_dislocation,ETH/volume_price_dislocation/any_venue,paper_long,long,176.87972179,168.16563752,168.16563752,cost_adjusted_win,yes,yes,327.34,repeat the ticket and add stop/adverse-excursion notes before any promotion
repeat-lane-eth-eth-microstructure-flow-probe,repeat,symbol_lane_repeat,ETH,,microstructure_flow,eth_microstructure_flow_probe,ETH/microstructure_flow/any_venue,paper_long,long,176.87972179,168.16563752,168.16563752,cost_adjusted_win,yes,yes,327.34,repeat the ticket and add stop/adverse-excursion notes before any promotion
repeat-lane-near-near-microstructure-flow-paper-probe,repeat,symbol_lane_repeat,NEAR,,microstructure_flow,near_microstructure_flow_paper_probe,NEAR/microstructure_flow/any_venue,paper_long,long,142.15367463,131.28192495,131.28192495,cost_adjusted_win,yes,yes,351.32,repeat the ticket and add stop/adverse-excursion notes before any promotion
repeat-paper-20-link-volume-dislocation,repeat,repeat,LINK,,volume_price_dislocation,link_volume_price_dislocation,LINK/volume_price_dislocation/any_venue,paper_long,long,142.25731654,129.81423426,129.81423426,cost_adjusted_win,yes,yes,26.55,repeat the ticket and add stop/adverse-excursion notes before any promotion
repeat-paper-09-fartcoin-volume-dislocation,repeat,repeat,FARTCOIN,,volume_price_dislocation,fartcoin_volume_price_dislocation,FARTCOIN/volume_price_dislocation/any_venue,paper_long,long,128.09636919,113.30025511,113.30025511,cost_adjusted_win,yes,yes,26.55,repeat the ticket and add stop/adverse-excursion notes before any promotion
repeat-paper-03-sui-repeat-execution,repeat,repeat,SUI,,repeat_execution,sui_okx_on_chain_flow_repeat_execution_gate,SUI/repeat_execution/any_venue,paper_long,long,119.59521619,111.34034522,111.34034522,cost_adjusted_win,yes,yes,26.55,repeat the ticket and add stop/adverse-excursion notes before any promotion
repeat-lane-near-near-microstructure-flow-probe,repeat,symbol_lane_repeat,NEAR,,microstructure_flow,near_microstructure_flow_probe,NEAR/microstructure_flow/any_venue,paper_long,long,119.58839344,108.71664376,108.71664376,cost_adjusted_win,yes,yes,334.92,repeat the ticket and add stop/adverse-excursion notes before any promotion
repeat-paper-13-sol-volume-dislocation,repeat,repeat,SOL,,volume_price_dislocation,sol_volume_price_dislocation,SOL/volume_price_dislocation/any_venue,paper_long,long,116.15707434,107.88394704,107.88394704,cost_adjusted_win,yes,yes,26.55,repeat the ticket and add stop/adverse-excursion notes before any promotion
repeat-paper-20-sol-event-crypto-hedge,repeat,repeat,SOL,,event_crypto_hedge,sol_1971905_event_crypto_hedge,SOL/event_crypto_hedge/any_venue,paper_long,long,116.15707434,107.88394704,107.88394704,cost_adjusted_win,yes,yes,19.20,repeat the ticket and add stop/adverse-excursion notes before any promotion
repeat-paper-36-sol-stablecoin-migration,repeat,repeat,SOL,,stablecoin_migration,solana_stablecoin_migration,SOL/stablecoin_migration/any_venue,paper_long,long,116.15707434,107.88394704,107.88394704,cost_adjusted_win,yes,yes,19.20,repeat the ticket and add stop/adverse-excursion notes before any promotion
repeat-paper-12-sol-event-crypto-hedge,repeat,repeat,SOL,,event_crypto_hedge,sol_1971905_event_crypto_hedge,SOL/event_crypto_hedge/any_venue,paper_long,long,116.15707434,107.88394704,107.88394704,cost_adjusted_win,yes,yes,26.55,repeat the ticket and add stop/adverse-excursion notes before any promotion
repeat-lane-sol-sol-1971905-event-crypto-hedge,repeat,symbol_lane_repeat,SOL,,event_crypto_hedge,sol_1971905_event_crypto_hedge,SOL/event_crypto_hedge/any_venue,paper_long,long,116.15707434,107.88394704,107.88394704,cost_adjusted_win,yes,yes,19.24,repeat the ticket and add stop/adverse-excursion notes before any promotion
repeat-lane-sol-sol-maker-or-low-fee-small-execution-edge,repeat,symbol_lane_repeat,SOL,,execution_edge,sol_maker_or_low_fee_small_execution_edge,SOL/execution_edge/any_venue,paper_long,long,116.15707434,107.88394704,107.88394704,cost_adjusted_win,yes,yes,19.24,repeat the ticket and add stop/adverse-excursion notes before any promotion
repeat-lane-sol-sol-taker-small-execution-edge,repeat,symbol_lane_repeat,SOL,,execution_edge,sol_taker_small_execution_edge,SOL/execution_edge/any_venue,paper_long,long,116.15707434,107.88394704,107.88394704,cost_adjusted_win,yes,yes,19.24,repeat the ticket and add stop/adverse-excursion notes before any promotion
repeat-lane-sol-sol-2176262-event-crypto-hedge,repeat,symbol_lane_repeat,SOL,,event_crypto_hedge,sol_2176262_event_crypto_hedge,SOL/event_crypto_hedge/any_venue,paper_long,long,116.15707434,107.88394704,107.88394704,cost_adjusted_win,yes,yes,19.24,repeat the ticket and add stop/adverse-excursion notes before any promotion
repeat-paper-36-aave-event-pressure,repeat,repeat,AAVE,,event_pressure,aave_event_pressure_cluster,AAVE/event_pressure/any_venue,paper_long,long,108.76679029,97.91345310,97.91345310,cost_adjusted_win,yes,yes,26.55,repeat the ticket and add stop/adverse-excursion notes before any promotion
repeat-paper-24-apt-wallet-entity-flow,repeat,repeat,APT,,wallet_entity_flow,public_hypertracker_example_apt_wallet_flow_actionability,APT/wallet_entity_flow/any_venue,paper_long,long,77.05986959,68.01146522,68.01146522,cost_adjusted_win,yes,yes,26.55,repeat the ticket and add stop/adverse-excursion notes before any promotion
repeat-paper-16-eth-volume-dislocation,repeat,repeat,ETH,,volume_price_dislocation,eth_volume_price_dislocation,ETH/volume_price_dislocation/any_venue,paper_long,long,70.00889944,61.29481517,61.29481517,cost_adjusted_win,yes,yes,26.55,repeat the ticket and add stop/adverse-excursion notes before any promotion
repeat-paper-18-eth-policy-expansion,repeat,repeat,ETH,,microstructure_flow,eth_eth_microstructure_flow_probe_from_near_microstructure_flow_paper_long,ETH/microstructure_flow/any_venue,paper_long,long,70.00889944,61.29481517,61.29481517,cost_adjusted_win,yes,yes,26.55,repeat the ticket and add stop/adverse-excursion notes before any promotion
repeat-paper-32-eth-policy-expansion,repeat,repeat,ETH,,volume_price_dislocation,eth_eth_volume_price_dislocation_from_sol_volume_price_dislocation_paper_long,ETH/volume_price_dislocation/any_venue,paper_long,long,70.00889944,61.29481517,61.29481517,cost_adjusted_win,yes,yes,26.55,repeat the ticket and add stop/adverse-excursion notes before any promotion
repeat-paper-18-eth-event-crypto-hedge,repeat,repeat,ETH,,event_crypto_hedge,eth_1971905_event_crypto_hedge,ETH/event_crypto_hedge/any_venue,paper_long,long,70.00889944,61.29481517,61.29481517,cost_adjusted_win,yes,yes,19.20,repeat the ticket and add stop/adverse-excursion notes before any promotion
repeat-paper-33-eth-wallet-entity-flow,repeat,repeat,ETH,,wallet_entity_flow,public_hypertracker_example_eth_wallet_flow_actionability,ETH/wallet_entity_flow/any_venue,paper_long,long,70.00889944,61.29481517,61.29481517,cost_adjusted_win,yes,yes,19.20,repeat the ticket and add stop/adverse-excursion notes before any promotion
repeat-paper-07-eth-event-crypto-hedge,repeat,repeat,ETH,,event_crypto_hedge,eth_1971905_event_crypto_hedge,ETH/event_crypto_hedge/any_venue,paper_long,long,70.00889944,61.29481517,61.29481517,cost_adjusted_win,yes,yes,26.55,repeat the ticket and add stop/adverse-excursion notes before any promotion
repeat-paper-22-eth-wallet-entity-flow,repeat,repeat,ETH,,wallet_entity_flow,public_hypertracker_example_eth_wallet_flow_actionability,ETH/wallet_entity_flow/any_venue,paper_long,long,70.00889944,61.29481517,61.29481517,cost_adjusted_win,yes,yes,26.55,repeat the ticket and add stop/adverse-excursion notes before any promotion
repeat-lane-eth-eth-1971905-event-crypto-hedge,repeat,symbol_lane_repeat,ETH,,event_crypto_hedge,eth_1971905_event_crypto_hedge,ETH/event_crypto_hedge/any_venue,paper_long,long,70.00889944,61.29481517,61.29481517,cost_adjusted_win,yes,yes,19.24,repeat the ticket and add stop/adverse-excursion notes before any promotion
repeat-lane-eth-eth-2176262-event-crypto-hedge,repeat,symbol_lane_repeat,ETH,,event_crypto_hedge,eth_2176262_event_crypto_hedge,ETH/event_crypto_hedge/any_venue,paper_long,long,70.00889944,61.29481517,61.29481517,cost_adjusted_win,yes,yes,19.24,repeat the ticket and add stop/adverse-excursion notes before any promotion
repeat-lane-eth-eth-2241674-event-crypto-hedge,repeat,symbol_lane_repeat,ETH,,event_crypto_hedge,eth_2241674_event_crypto_hedge,ETH/event_crypto_hedge/any_venue,paper_long,long,70.00889944,61.29481517,61.29481517,cost_adjusted_win,yes,yes,19.24,repeat the ticket and add stop/adverse-excursion notes before any promotion
repeat-paper-23-sei-microstructure-flow,repeat,repeat,SEI,,microstructure_flow,sei_microstructure_flow_paper_probe,SEI/microstructure_flow/any_venue,paper_long,long,63.40380423,53.17478800,53.17478800,cost_adjusted_win,yes,yes,288.35,repeat the ticket and add stop/adverse-excursion notes before any promotion
repeat-paper-17-btc-event-crypto-hedge,repeat,repeat,BTC,,event_crypto_hedge,btc_1971905_event_crypto_hedge,BTC/event_crypto_hedge/any_venue,paper_long,long,37.46375108,29.18264865,29.18264865,cost_adjusted_win,yes,yes,19.20,repeat the ticket and add stop/adverse-excursion notes before any promotion
repeat-paper-06-btc-event-crypto-hedge,repeat,repeat,BTC,,event_crypto_hedge,btc_1971905_event_crypto_hedge,BTC/event_crypto_hedge/any_venue,paper_long,long,37.46375108,29.18264865,29.18264865,cost_adjusted_win,yes,yes,26.55,repeat the ticket and add stop/adverse-excursion notes before any promotion
repeat-lane-btc-btc-1971905-event-crypto-hedge,repeat,symbol_lane_repeat,BTC,,event_crypto_hedge,btc_1971905_event_crypto_hedge,BTC/event_crypto_hedge/any_venue,paper_long,long,37.46375108,29.18264865,29.18264865,cost_adjusted_win,yes,yes,19.24,repeat the ticket and add stop/adverse-excursion notes before any promotion
repeat-lane-btc-btc-2176262-event-crypto-hedge,repeat,symbol_lane_repeat,BTC,,event_crypto_hedge,btc_2176262_event_crypto_hedge,BTC/event_crypto_hedge/any_venue,paper_long,long,37.46375108,29.18264865,29.18264865,cost_adjusted_win,yes,yes,19.24,repeat the ticket and add stop/adverse-excursion notes before any promotion
repeat-lane-btc-btc-2241674-event-crypto-hedge,repeat,symbol_lane_repeat,BTC,,event_crypto_hedge,btc_2241674_event_crypto_hedge,BTC/event_crypto_hedge/any_venue,paper_long,long,37.46375108,29.18264865,29.18264865,cost_adjusted_win,yes,yes,19.24,repeat the ticket and add stop/adverse-excursion notes before any promotion
repeat-lane-btc-btc-long-atm-straddle-20260626-volatility-actionability,repeat,symbol_lane_repeat,BTC,,options_volatility,btc_long_atm_straddle_20260626_volatility_actionability,BTC/options_volatility/any_venue,paper_long,long,37.46375108,29.18264865,29.18264865,cost_adjusted_win,yes,yes,19.24,repeat the ticket and add stop/adverse-excursion notes before any promotion
repeat-paper-05-hype-volume-dislocation,repeat,repeat,HYPE,,volume_price_dislocation,hype_volume_price_dislocation,HYPE/volume_price_dislocation/any_venue,paper_long,long,23.34245389,14.86839947,14.86839947,cost_adjusted_win,yes,yes,26.55,repeat the ticket and add stop/adverse-excursion notes before any promotion
repeat-paper-17-hype-policy-expansion,repeat,repeat,HYPE,,microstructure_flow,hype_hype_microstructure_flow_probe_from_near_microstructure_flow_paper_long,HYPE/microstructure_flow/any_venue,paper_long,long,23.34245389,14.86839947,14.86839947,cost_adjusted_win,yes,yes,26.55,repeat the ticket and add stop/adverse-excursion notes before any promotion
repeat-paper-29-hype-policy-expansion,repeat,repeat,HYPE,,volume_price_dislocation,hype_hype_volume_price_dislocation_from_sol_volume_price_dislocation_paper_long,HYPE/volume_price_dislocation/any_venue,paper_long,long,23.34245389,14.86839947,14.86839947,cost_adjusted_win,yes,yes,26.55,repeat the ticket and add stop/adverse-excursion notes before any promotion
repeat-paper-01-hype-policy-expansion,repeat,repeat,HYPE,,microstructure_flow,hype_hype_microstructure_flow_paper_probe_from_near_microstructure_flow_paper_long,HYPE/microstructure_flow/any_venue,paper_long,long,23.34245389,14.86839947,14.86839947,cost_adjusted_win,yes,yes,26.55,repeat the ticket and add stop/adverse-excursion notes before any promotion
repeat-lane-hype-hype-volume-price-dislocation,repeat,symbol_lane_repeat,HYPE,,volume_price_dislocation,hype_volume_price_dislocation,HYPE/volume_price_dislocation/any_venue,paper_long,long,23.34245389,14.86839947,14.86839947,cost_adjusted_win,yes,yes,19.24,repeat the ticket and add stop/adverse-excursion notes before any promotion
repeat-lane-hype-hype-attention-price-context,repeat,symbol_lane_repeat,HYPE,,news_event,hype_attention_price_context,HYPE/news_event/any_venue,paper_long,long,23.34245389,14.86839947,14.86839947,cost_adjusted_win,yes,yes,19.24,repeat the ticket and add stop/adverse-excursion notes before any promotion
repeat-lane-hype-hype-microstructure-flow-paper-probe,repeat,symbol_lane_repeat,HYPE,,microstructure_flow,hype_microstructure_flow_paper_probe,HYPE/microstructure_flow/any_venue,paper_long,long,23.34245389,14.86839947,14.86839947,cost_adjusted_win,yes,yes,19.24,repeat the ticket and add stop/adverse-excursion notes before any promotion
repeat-lane-hype-hype-microstructure-flow-probe,repeat,symbol_lane_repeat,HYPE,,microstructure_flow,hype_microstructure_flow_probe,HYPE/microstructure_flow/any_venue,paper_long,long,23.34245389,14.86839947,14.86839947,cost_adjusted_win,yes,yes,19.24,repeat the ticket and add stop/adverse-excursion notes before any promotion
repeat-repeat-paper-21-chip-microstructure-flow,repeat,second_repeat,CHIP,,microstructure_flow,chip_microstructure_flow_paper_probe,CHIP/microstructure_flow/any_venue,paper_long,long,15.66146665,1.40431887,1.40431887,cost_adjusted_win,yes,yes,24.62,repeat the ticket and add stop/adverse-excursion notes before any promotion
repeat-paper-22-bera-microstructure-flow,repeat,repeat,BERA,,microstructure_flow,bera_microstructure_flow_paper_probe,BERA/microstructure_flow/any_venue,paper_long,long,673.61668003,659.11065794,659.11065794,depth_too_thin_for_probe,yes,yes,288.35,reduce candidate size or skip until depth improves
repeat-repeat-paper-22-bera-microstructure-flow,repeat,second_repeat,BERA,,microstructure_flow,bera_microstructure_flow_paper_probe,BERA/microstructure_flow/any_venue,paper_long,long,225.87584511,211.36982302,211.36982302,depth_too_thin_for_probe,yes,yes,24.62,reduce candidate size or skip until depth improves
repeat-paper-10-xpl-volume-dislocation,repeat,repeat,XPL,,volume_price_dislocation,xpl_volume_price_dislocation,XPL/volume_price_dislocation/any_venue,paper_long,long,132.14743094,118.78061782,118.78061782,depth_too_thin_for_probe,yes,yes,26.55,reduce candidate size or skip until depth improves
repeat-paper-11-pump-volume-dislocation,repeat,repeat,PUMP,,volume_price_dislocation,pump_volume_price_dislocation,PUMP/volume_price_dislocation/any_venue,paper_long,long,68.36544438,47.91758548,47.91758548,depth_too_thin_for_probe,yes,yes,26.55,reduce candidate size or skip until depth improves
repeat-paper-36-near-derivatives-positioning,repeat,repeat,NEAR,,unclassified,near_oi_funding_crowding_watch,NEAR/unclassified/any_venue,paper_long,long,-0.91600256,,-0.91600256,mark_loss,no,yes,303.12,keep or reject based on repeated labels and failure regime
repeat-paper-18-near-microstructure-flow,repeat,repeat,NEAR,,microstructure_flow,near_microstructure_flow_paper_probe,NEAR/microstructure_flow/any_venue,paper_long,long,-0.91600256,,-0.91600256,mark_loss,no,yes,310.43,keep or reject based on repeated labels and failure regime
repeat-paper-05-mega-microstructure-flow,repeat,repeat,MEGA,,microstructure_flow,mega_microstructure_flow_paper_probe,MEGA/microstructure_flow/any_venue,paper_long,long,-22.87077037,,-22.87077037,mark_loss,no,yes,383.97,keep or reject based on repeated labels and failure regime
repeat-repeat-paper-20-mon-microstructure-flow,repeat,second_repeat,MON,,microstructure_flow,mon_microstructure_flow_paper_probe,MON/microstructure_flow/any_venue,paper_long,long,-30.82972164,,-30.82972164,mark_loss,no,yes,24.62,keep or reject based on repeated labels and failure regime
repeat-repeat-paper-05-mega-microstructure-flow,repeat,second_repeat,MEGA,,microstructure_flow,mega_microstructure_flow_paper_probe,MEGA/microstructure_flow/any_venue,paper_long,long,-106.80157392,,-106.80157392,mark_loss,no,yes,361.74,keep or reject based on repeated labels and failure regime
repeat-lane-near-near-sum-top-long-short-ratio-intraday-derivatives-feature,repeat,symbol_lane_repeat,NEAR,,intraday_derivatives,near_sum_top_long_short_ratio_intraday_derivatives_feature,NEAR/intraday_derivatives/any_venue,paper_short,short,-189.01386102,,-189.01386102,mark_loss,no,yes,19.24,keep or reject based on repeated labels and failure regime
repeat-lane-near-near-count-long-short-ratio-intraday-derivatives-feature,repeat,symbol_lane_repeat,NEAR,,intraday_derivatives,near_count_long_short_ratio_intraday_derivatives_feature,NEAR/intraday_derivatives/any_venue,paper_short,short,-189.01386102,,-189.01386102,mark_loss,no,yes,19.24,keep or reject based on repeated labels and failure regime
repeat-lane-near-near-count-top-long-short-ratio-intraday-derivatives-feature,repeat,symbol_lane_repeat,NEAR,,intraday_derivatives,near_count_top_long_short_ratio_intraday_derivatives_feature,NEAR/intraday_derivatives/any_venue,paper_short,short,-189.01386102,,-189.01386102,mark_loss,no,yes,19.24,keep or reject based on repeated labels and failure regime
repeat-lane-near-near-mean-sum-top-long-short-ratio-binance-derivatives-symbol-feature,repeat,symbol_lane_repeat,NEAR,,intraday_derivatives,near_mean_sum_top_long_short_ratio_binance_derivatives_symbol_feature,NEAR/intraday_derivatives/any_venue,paper_short,short,-302.00075500,,-302.00075500,mark_loss,no,yes,390.71,keep or reject based on repeated labels and failure regime
repeat-lane-sol-sol-usdt-coinup.io-(futures)-positioning,repeat,symbol_lane_repeat,SOL,,unclassified,sol-usdt_coinup.io_(futures)_positioning,SOL/unclassified/any_venue,paper_short,short,-317.18129013,,-317.18129013,mark_loss,no,yes,390.71,keep or reject based on repeated labels and failure regime
repeat-lane-arb-arb-count-long-short-ratio-short-opposite-intraday-paper-label,repeat,symbol_lane_repeat,ARB,,intraday_derivatives,arb_count_long_short_ratio_short_opposite_intraday_paper_label,ARB/intraday_derivatives/any_venue,paper_short,short,-369.45812808,,-369.45812808,mark_loss,no,yes,390.71,keep or reject based on repeated labels and failure regime
repeat-lane-arb-arb-count-top-long-short-ratio-short-opposite-intraday-paper-label,repeat,symbol_lane_repeat,ARB,,intraday_derivatives,arb_count_top_long_short_ratio_short_opposite_intraday_paper_label,ARB/intraday_derivatives/any_venue,paper_short,short,-369.45812808,,-369.45812808,mark_loss,no,yes,390.71,keep or reject based on repeated labels and failure regime
repeat-lane-arb-arb-count-long-short-ratio-repeat-intraday-derivatives-feature,repeat,symbol_lane_repeat,ARB,,intraday_derivatives,arb_count_long_short_ratio_repeat_intraday_derivatives_feature,ARB/intraday_derivatives/any_venue,paper_short,short,-369.45812808,,-369.45812808,mark_loss,no,yes,390.71,keep or reject based on repeated labels and failure regime
repeat-lane-arb-arb-count-top-long-short-ratio-repeat-intraday-derivatives-feature,repeat,symbol_lane_repeat,ARB,,intraday_derivatives,arb_count_top_long_short_ratio_repeat_intraday_derivatives_feature,ARB/intraday_derivatives/any_venue,paper_short,short,-369.45812808,,-369.45812808,mark_loss,no,yes,390.71,keep or reject based on repeated labels and failure regime
repeat-lane-arb-arb-sum-top-long-short-ratio-repeat-intraday-derivatives-feature,repeat,symbol_lane_repeat,ARB,,intraday_derivatives,arb_sum_top_long_short_ratio_repeat_intraday_derivatives_feature,ARB/intraday_derivatives/any_venue,paper_short,short,-369.45812808,,-369.45812808,mark_loss,no,yes,390.71,keep or reject based on repeated labels and failure regime
repeat-lane-arb-arb-count-long-short-ratio-long-preferred-short-opposite-intraday-paper-label,repeat,symbol_lane_repeat,ARB,,intraday_derivatives,arb_count_long_short_ratio_long_preferred_short_opposite_intraday_paper_label,ARB/intraday_derivatives/any_venue,paper_short,short,-369.45812808,,-369.45812808,mark_loss,no,yes,390.71,keep or reject based on repeated labels and failure regime
repeat-lane-hype-hype-protocol-fee-actionability,repeat,symbol_lane_repeat,HYPE,,protocol_fee,hype_protocol_fee_actionability,HYPE/protocol_fee/any_venue,paper_short,short,-546.86229220,,-546.86229220,mark_loss,no,yes,181.51,keep or reject based on repeated labels and failure regime
repeat-paper-50-hype-token-unlock,repeat,repeat,HYPE,,token_unlock,hype_unlock_actionability,HYPE/token_unlock/any_venue,paper_short,short,-555.96255596,,-555.96255596,mark_loss,no,yes,318.82,keep or reject based on repeated labels and failure regime
repeat-lane-hype-hype-protocol-fee-growth,repeat,symbol_lane_repeat,HYPE,,protocol_fee,hype_protocol_fee_growth,HYPE/protocol_fee/any_venue,paper_short,short,-586.46812957,,-586.46812957,mark_loss,no,yes,390.71,keep or reject based on repeated labels and failure regime
repeat-lane-hype-hype-unlock-actionability,repeat,symbol_lane_repeat,HYPE,,token_unlock,hype_unlock_actionability,HYPE/token_unlock/any_venue,paper_short,short,-586.46812957,,-586.46812957,mark_loss,no,yes,390.71,keep or reject based on repeated labels and failure regime
paper-05-hype-volume-dislocation,initial,paper,HYPE,HL,volume_price_dislocation,hype_volume_price_dislocation,HYPE/volume_price_dislocation/HL,paper_long,long,546.86229220,538.38823778,538.38823778,cost_adjusted_win,yes,yes,149.74,repeat the ticket and add stop/adverse-excursion notes before any promotion
paper-17-hype-policy-expansion,initial,paper,HYPE,,microstructure_flow,hype_hype_microstructure_flow_probe_from_near_microstructure_flow_paper_long,HYPE/microstructure_flow/any_venue,paper_long,long,546.86229220,538.38823778,538.38823778,cost_adjusted_win,yes,yes,145.59,repeat the ticket and add stop/adverse-excursion notes before any promotion
paper-29-hype-policy-expansion,initial,paper,HYPE,,volume_price_dislocation,hype_hype_volume_price_dislocation_from_sol_volume_price_dislocation_paper_long,HYPE/volume_price_dislocation/any_venue,paper_long,long,546.86229220,538.38823778,538.38823778,cost_adjusted_win,yes,yes,92.63,repeat the ticket and add stop/adverse-excursion notes before any promotion
lane-hype-hype-volume-price-dislocation,initial,symbol_lane,HYPE,,volume_price_dislocation,hype_volume_price_dislocation,HYPE/volume_price_dislocation/any_venue,paper_long,long,525.11971431,516.64565989,516.64565989,cost_adjusted_win,yes,yes,426.55,repeat the ticket and add stop/adverse-excursion notes before any promotion
lane-hype-hype-attention-price-context,initial,symbol_lane,HYPE,,news_event,hype_attention_price_context,HYPE/news_event/any_venue,paper_long,long,525.11971431,516.64565989,516.64565989,cost_adjusted_win,yes,yes,426.55,repeat the ticket and add stop/adverse-excursion notes before any promotion
lane-hype-hype-microstructure-flow-paper-probe,initial,symbol_lane,HYPE,,microstructure_flow,hype_microstructure_flow_paper_probe,HYPE/microstructure_flow/any_venue,paper_long,long,525.11971431,516.64565989,516.64565989,cost_adjusted_win,yes,yes,426.55,repeat the ticket and add stop/adverse-excursion notes before any promotion
lane-hype-hype-microstructure-flow-probe,initial,symbol_lane,HYPE,,microstructure_flow,hype_microstructure_flow_probe,HYPE/microstructure_flow/any_venue,paper_long,long,525.11971431,516.64565989,516.64565989,cost_adjusted_win,yes,yes,426.55,repeat the ticket and add stop/adverse-excursion notes before any promotion
paper-19-zec-wallet-entity-flow,initial,paper,ZEC,HL,wallet_entity_flow,public_hypertracker_example_zec_wallet_flow_actionability,ZEC/wallet_entity_flow/HL,paper_long,long,357.73613158,346.42311700,346.42311700,cost_adjusted_win,yes,yes,149.74,repeat the ticket and add stop/adverse-excursion notes before any promotion
paper-51-zec-attention-event,initial,paper,ZEC,,news_event,zec_attention_price_context,ZEC/news_event/any_venue,paper_long,long,357.73613158,346.42311700,346.42311700,cost_adjusted_win,yes,yes,93.38,repeat the ticket and add stop/adverse-excursion notes before any promotion
paper-46-zec-sector-rotation,initial,paper,ZEC,,sector_rotation,zec_privacy_sector_rotation_context,ZEC/sector_rotation/any_venue,paper_long,long,357.73613158,346.42311700,346.42311700,cost_adjusted_win,yes,yes,93.38,repeat the ticket and add stop/adverse-excursion notes before any promotion
lane-zec-zec-attention-price-context,initial,symbol_lane,ZEC,,news_event,zec_attention_price_context,ZEC/news_event/any_venue,paper_long,long,357.73613158,346.42311700,346.42311700,cost_adjusted_win,yes,yes,280.52,repeat the ticket and add stop/adverse-excursion notes before any promotion
lane-zec-zec-institutional-flow-news-event,initial,symbol_lane,ZEC,,news_event,zec_institutional_flow_news_event,ZEC/news_event/any_venue,paper_long,long,357.73613158,346.42311700,346.42311700,cost_adjusted_win,yes,yes,280.52,repeat the ticket and add stop/adverse-excursion notes before any promotion
lane-zec-zec-narrative-event-news-event,initial,symbol_lane,ZEC,,news_event,zec_narrative_event_news_event,ZEC/news_event/any_venue,paper_long,long,357.73613158,346.42311700,346.42311700,cost_adjusted_win,yes,yes,280.52,repeat the ticket and add stop/adverse-excursion notes before any promotion
paper-09-fartcoin-volume-dislocation,initial,paper,FARTCOIN,HL,volume_price_dislocation,fartcoin_volume_price_dislocation,FARTCOIN/volume_price_dislocation/HL,paper_long,long,332.32366941,317.52755533,317.52755533,cost_adjusted_win,yes,yes,149.74,repeat the ticket and add stop/adverse-excursion notes before any promotion
lane-sol-sol-volume-price-dislocation,initial,symbol_lane,SOL,,volume_price_dislocation,sol_volume_price_dislocation,SOL/volume_price_dislocation/any_venue,paper_long,long,271.49183546,263.21870816,263.21870816,cost_adjusted_win,yes,yes,409.23,repeat the ticket and add stop/adverse-excursion notes before any promotion
lane-sol-solana-stablecoin-migration,initial,symbol_lane,SOL,,stablecoin_migration,solana_stablecoin_migration,SOL/stablecoin_migration/any_venue,paper_long,long,271.49183546,263.21870816,263.21870816,cost_adjusted_win,yes,yes,409.23,repeat the ticket and add stop/adverse-excursion notes before any promotion
lane-sol-sol-attention-price-context,initial,symbol_lane,SOL,,news_event,sol_attention_price_context,SOL/news_event/any_venue,paper_long,long,271.49183546,263.21870816,263.21870816,cost_adjusted_win,yes,yes,409.23,repeat the ticket and add stop/adverse-excursion notes before any promotion
paper-03-sui-repeat-execution,initial,paper,SUI,OKX,repeat_execution,sui_okx_on_chain_flow_repeat_execution_gate,SUI/repeat_execution/OKX,paper_long,long,241.89261031,232.55390855,232.55390855,cost_adjusted_win,yes,yes,149.74,repeat the ticket and add stop/adverse-excursion notes before any promotion
paper-36-aave-event-pressure,initial,paper,AAVE,,event_pressure,aave_event_pressure_cluster,AAVE/event_pressure/any_venue,paper_long,long,239.28278300,228.42944581,228.42944581,cost_adjusted_win,yes,yes,92.63,repeat the ticket and add stop/adverse-excursion notes before any promotion
paper-02-sui-repeat-execution,initial,paper,SUI,HL,repeat_execution,sui_hl_on_chain_flow_repeat_execution_gate,SUI/repeat_execution/HL,paper_long,long,230.51883346,222.26396249,222.26396249,cost_adjusted_win,yes,yes,149.24,repeat the ticket and add stop/adverse-excursion notes before any promotion
paper-20-link-volume-dislocation,initial,paper,LINK,HL,volume_price_dislocation,link_volume_price_dislocation,LINK/volume_price_dislocation/HL,paper_long,long,227.89033962,215.44725734,215.44725734,cost_adjusted_win,yes,yes,148.49,repeat the ticket and add stop/adverse-excursion notes before any promotion
paper-13-sol-event-crypto-hedge,initial,paper,SOL,prediction_market,event_crypto_hedge,sol_1971905_event_crypto_hedge,SOL/event_crypto_hedge/prediction_market,paper_long,long,188.23209757,179.95897027,179.95897027,cost_adjusted_win,yes,yes,149.74,repeat the ticket and add stop/adverse-excursion notes before any promotion
paper-32-sol-stablecoin-migration,initial,paper,SOL,,stablecoin_migration,solana_stablecoin_migration,SOL/stablecoin_migration/any_venue,paper_long,long,188.23209757,179.95897027,179.95897027,cost_adjusted_win,yes,yes,92.63,repeat the ticket and add stop/adverse-excursion notes before any promotion
paper-13-sol-volume-dislocation,initial,paper,SOL,HL,volume_price_dislocation,sol_volume_price_dislocation,SOL/volume_price_dislocation/HL,paper_long,long,188.23209757,179.95897027,179.95897027,cost_adjusted_win,yes,yes,149.74,repeat the ticket and add stop/adverse-excursion notes before any promotion
lane-sol-sol-1971905-event-crypto-hedge,initial,symbol_lane,SOL,,event_crypto_hedge,sol_1971905_event_crypto_hedge,SOL/event_crypto_hedge/any_venue,paper_long,long,188.23209757,179.95897027,179.95897027,cost_adjusted_win,yes,yes,253.87,repeat the ticket and add stop/adverse-excursion notes before any promotion
lane-sol-sol-maker-or-low-fee-small-execution-edge,initial,symbol_lane,SOL,,execution_edge,sol_maker_or_low_fee_small_execution_edge,SOL/execution_edge/any_venue,paper_long,long,188.23209757,179.95897027,179.95897027,cost_adjusted_win,yes,yes,266.72,repeat the ticket and add stop/adverse-excursion notes before any promotion
lane-sol-sol-taker-small-execution-edge,initial,symbol_lane,SOL,,execution_edge,sol_taker_small_execution_edge,SOL/execution_edge/any_venue,paper_long,long,188.23209757,179.95897027,179.95897027,cost_adjusted_win,yes,yes,266.72,repeat the ticket and add stop/adverse-excursion notes before any promotion
lane-sol-sol-2176262-event-crypto-hedge,initial,symbol_lane,SOL,,event_crypto_hedge,sol_2176262_event_crypto_hedge,SOL/event_crypto_hedge/any_venue,paper_long,long,188.23209757,179.95897027,179.95897027,cost_adjusted_win,yes,yes,253.87,repeat the ticket and add stop/adverse-excursion notes before any promotion
paper-02-near-policy-expansion,initial,paper,NEAR,,microstructure_flow,near_near_microstructure_flow_paper_probe_from_bera_microstructure_flow_paper_long,NEAR/microstructure_flow/any_venue,paper_long,long,189.01386102,178.14211134,178.14211134,cost_adjusted_win,yes,yes,17.66,repeat the ticket and add stop/adverse-excursion notes before any promotion
paper-06-near-policy-expansion,initial,paper,NEAR,,microstructure_flow,near_near_microstructure_flow_probe_from_bera_microstructure_flow_paper_long,NEAR/microstructure_flow/any_venue,paper_long,long,189.01386102,178.14211134,178.14211134,cost_adjusted_win,yes,yes,17.66,repeat the ticket and add stop/adverse-excursion notes before any promotion
paper-07-near-policy-expansion,initial,paper,NEAR,,microstructure_flow,near_near_microstructure_flow_paper_probe_from_microstructure_flow_paper_long,NEAR/microstructure_flow/any_venue,paper_long,long,189.01386102,178.14211134,178.14211134,cost_adjusted_win,yes,yes,17.66,repeat the ticket and add stop/adverse-excursion notes before any promotion
paper-12-near-policy-expansion,initial,paper,NEAR,,microstructure_flow,near_near_microstructure_flow_paper_probe_from_chip_microstructure_flow_paper_long,NEAR/microstructure_flow/any_venue,paper_long,long,189.01386102,178.14211134,178.14211134,cost_adjusted_win,yes,yes,17.66,repeat the ticket and add stop/adverse-excursion notes before any promotion
paper-25-near-policy-expansion,initial,paper,NEAR,,microstructure_flow,near_near_microstructure_flow_probe_from_microstructure_flow_paper_long,NEAR/microstructure_flow/any_venue,paper_long,long,189.01386102,178.14211134,178.14211134,cost_adjusted_win,yes,yes,17.66,repeat the ticket and add stop/adverse-excursion notes before any promotion
paper-28-near-policy-expansion,initial,paper,NEAR,,microstructure_flow,near_near_microstructure_flow_probe_from_chip_microstructure_flow_paper_long,NEAR/microstructure_flow/any_venue,paper_long,long,189.01386102,178.14211134,178.14211134,cost_adjusted_win,yes,yes,17.66,repeat the ticket and add stop/adverse-excursion notes before any promotion
paper-31-near-policy-expansion,initial,paper,NEAR,,microstructure_flow,near_near_microstructure_flow_paper_probe_from_mon_microstructure_flow_paper_long,NEAR/microstructure_flow/any_venue,paper_long,long,189.01386102,178.14211134,178.14211134,cost_adjusted_win,yes,yes,17.66,repeat the ticket and add stop/adverse-excursion notes before any promotion
lane-eth-eth-volume-price-dislocation,initial,symbol_lane,ETH,,volume_price_dislocation,eth_volume_price_dislocation,ETH/volume_price_dislocation/any_venue,paper_long,long,186.65226263,177.93817836,177.93817836,cost_adjusted_win,yes,yes,409.23,repeat the ticket and add stop/adverse-excursion notes before any promotion
lane-eth-eth-microstructure-flow-probe,initial,symbol_lane,ETH,,microstructure_flow,eth_microstructure_flow_probe,ETH/microstructure_flow/any_venue,paper_long,long,186.65226263,177.93817836,177.93817836,cost_adjusted_win,yes,yes,409.23,repeat the ticket and add stop/adverse-excursion notes before any promotion
paper-11-eth-event-crypto-hedge,initial,paper,ETH,prediction_market,event_crypto_hedge,eth_1971905_event_crypto_hedge,ETH/event_crypto_hedge/prediction_market,paper_long,long,170.17196956,161.45788529,161.45788529,cost_adjusted_win,yes,yes,149.74,repeat the ticket and add stop/adverse-excursion notes before any promotion
paper-18-eth-wallet-entity-flow,initial,paper,ETH,HL,wallet_entity_flow,public_hypertracker_example_eth_wallet_flow_actionability,ETH/wallet_entity_flow/HL,paper_long,long,170.17196956,161.45788529,161.45788529,cost_adjusted_win,yes,yes,149.74,repeat the ticket and add stop/adverse-excursion notes before any promotion
paper-16-eth-volume-dislocation,initial,paper,ETH,HL,volume_price_dislocation,eth_volume_price_dislocation,ETH/volume_price_dislocation/HL,paper_long,long,170.17196956,161.45788529,161.45788529,cost_adjusted_win,yes,yes,149.74,repeat the ticket and add stop/adverse-excursion notes before any promotion
paper-18-eth-policy-expansion,initial,paper,ETH,,microstructure_flow,eth_eth_microstructure_flow_probe_from_near_microstructure_flow_paper_long,ETH/microstructure_flow/any_venue,paper_long,long,170.17196956,161.45788529,161.45788529,cost_adjusted_win,yes,yes,145.59,repeat the ticket and add stop/adverse-excursion notes before any promotion
paper-32-eth-policy-expansion,initial,paper,ETH,,volume_price_dislocation,eth_eth_volume_price_dislocation_from_sol_volume_price_dislocation_paper_long,ETH/volume_price_dislocation/any_venue,paper_long,long,170.17196956,161.45788529,161.45788529,cost_adjusted_win,yes,yes,92.63,repeat the ticket and add stop/adverse-excursion notes before any promotion
lane-eth-eth-1971905-event-crypto-hedge,initial,symbol_lane,ETH,,event_crypto_hedge,eth_1971905_event_crypto_hedge,ETH/event_crypto_hedge/any_venue,paper_long,long,170.17196956,161.45788529,161.45788529,cost_adjusted_win,yes,yes,253.87,repeat the ticket and add stop/adverse-excursion notes before any promotion
lane-eth-eth-2176262-event-crypto-hedge,initial,symbol_lane,ETH,,event_crypto_hedge,eth_2176262_event_crypto_hedge,ETH/event_crypto_hedge/any_venue,paper_long,long,170.17196956,161.45788529,161.45788529,cost_adjusted_win,yes,yes,253.87,repeat the ticket and add stop/adverse-excursion notes before any promotion
lane-eth-eth-2241674-event-crypto-hedge,initial,symbol_lane,ETH,,event_crypto_hedge,eth_2241674_event_crypto_hedge,ETH/event_crypto_hedge/any_venue,paper_long,long,170.17196956,161.45788529,161.45788529,cost_adjusted_win,yes,yes,253.87,repeat the ticket and add stop/adverse-excursion notes before any promotion
paper-03-inj-policy-expansion,initial,paper,INJ,,volume_price_dislocation,inj_inj_volume_price_dislocation_from_sol_volume_price_dislocation_paper_long,INJ/volume_price_dislocation/any_venue,paper_long,long,164.45661316,156.36805643,156.36805643,cost_adjusted_win,yes,yes,17.66,repeat the ticket and add stop/adverse-excursion notes before any promotion
paper-13-inj-policy-expansion,initial,paper,INJ,,volume_price_dislocation,inj_inj_volume_price_dislocation_from_volume_price_dislocation_paper_long,INJ/volume_price_dislocation/any_venue,paper_long,long,164.45661316,156.36805643,156.36805643,cost_adjusted_win,yes,yes,17.66,repeat the ticket and add stop/adverse-excursion notes before any promotion
paper-32-inj-policy-expansion,initial,paper,INJ,,volume_price_dislocation,inj_inj_volume_price_dislocation_from_fartcoin_volume_price_dislocation_paper_long,INJ/volume_price_dislocation/any_venue,paper_long,long,164.45661316,156.36805643,156.36805643,cost_adjusted_win,yes,yes,17.66,repeat the ticket and add stop/adverse-excursion notes before any promotion
lane-near-near-microstructure-flow-paper-probe,initial,symbol_lane,NEAR,,microstructure_flow,near_microstructure_flow_paper_probe,NEAR/microstructure_flow/any_venue,paper_long,long,157.72577118,146.85402150,146.85402150,cost_adjusted_win,yes,yes,409.23,repeat the ticket and add stop/adverse-excursion notes before any promotion
lane-near-near-microstructure-flow-probe,initial,symbol_lane,NEAR,,microstructure_flow,near_microstructure_flow_probe,NEAR/microstructure_flow/any_venue,paper_long,long,157.72577118,146.85402150,146.85402150,cost_adjusted_win,yes,yes,409.23,repeat the ticket and add stop/adverse-excursion notes before any promotion
paper-20-apt-wallet-entity-flow,initial,paper,APT,HL,wallet_entity_flow,public_hypertracker_example_apt_wallet_flow_actionability,APT/wallet_entity_flow/HL,paper_long,long,132.61808970,123.56968533,123.56968533,cost_adjusted_win,yes,yes,149.74,repeat the ticket and add stop/adverse-excursion notes before any promotion
paper-15-sol-policy-expansion,initial,paper,SOL,,volume_price_dislocation,sol_sol_volume_price_dislocation_from_volume_price_dislocation_paper_long,SOL/volume_price_dislocation/any_venue,paper_long,long,116.15707434,107.88394704,107.88394704,cost_adjusted_win,yes,yes,17.66,repeat the ticket and add stop/adverse-excursion notes before any promotion
paper-04-inj-volume-dislocation,initial,paper,INJ,HL,volume_price_dislocation,inj_volume_price_dislocation,INJ/volume_price_dislocation/HL,paper_long,long,108.56024204,100.47168531,100.47168531,cost_adjusted_win,yes,yes,149.74,repeat the ticket and add stop/adverse-excursion notes before any promotion
paper-27-inj-policy-expansion,initial,paper,INJ,,volume_price_dislocation,inj_inj_volume_price_dislocation_from_sol_volume_price_dislocation_paper_long,INJ/volume_price_dislocation/any_venue,paper_long,long,108.56024204,100.47168531,100.47168531,cost_adjusted_win,yes,yes,92.63,repeat the ticket and add stop/adverse-excursion notes before any promotion
paper-10-btc-event-crypto-hedge,initial,paper,BTC,prediction_market,event_crypto_hedge,btc_1971905_event_crypto_hedge,BTC/event_crypto_hedge/prediction_market,paper_long,long,96.97409294,88.69299051,88.69299051,cost_adjusted_win,yes,yes,149.74,repeat the ticket and add stop/adverse-excursion notes before any promotion
lane-btc-btc-1971905-event-crypto-hedge,initial,symbol_lane,BTC,,event_crypto_hedge,btc_1971905_event_crypto_hedge,BTC/event_crypto_hedge/any_venue,paper_long,long,96.97409294,88.69299051,88.69299051,cost_adjusted_win,yes,yes,253.87,repeat the ticket and add stop/adverse-excursion notes before any promotion
lane-btc-btc-2176262-event-crypto-hedge,initial,symbol_lane,BTC,,event_crypto_hedge,btc_2176262_event_crypto_hedge,BTC/event_crypto_hedge/any_venue,paper_long,long,96.97409294,88.69299051,88.69299051,cost_adjusted_win,yes,yes,253.87,repeat the ticket and add stop/adverse-excursion notes before any promotion
lane-btc-btc-2241674-event-crypto-hedge,initial,symbol_lane,BTC,,event_crypto_hedge,btc_2241674_event_crypto_hedge,BTC/event_crypto_hedge/any_venue,paper_long,long,96.97409294,88.69299051,88.69299051,cost_adjusted_win,yes,yes,253.87,repeat the ticket and add stop/adverse-excursion notes before any promotion
lane-btc-btc-long-atm-straddle-20260626-volatility-actionability,initial,symbol_lane,BTC,,options_volatility,btc_long_atm_straddle_20260626_volatility_actionability,BTC/options_volatility/any_venue,paper_long,long,96.97409294,88.69299051,88.69299051,cost_adjusted_win,yes,yes,280.52,repeat the ticket and add stop/adverse-excursion notes before any promotion
paper-07-eth-policy-expansion,initial,paper,ETH,,microstructure_flow,eth_eth_microstructure_flow_probe_from_bera_microstructure_flow_paper_long,ETH/microstructure_flow/any_venue,paper_long,long,70.00889944,61.29481517,61.29481517,cost_adjusted_win,yes,yes,17.66,repeat the ticket and add stop/adverse-excursion notes before any promotion
paper-05-eth-policy-expansion,initial,paper,ETH,,volume_price_dislocation,eth_eth_volume_price_dislocation_from_sol_volume_price_dislocation_paper_long,ETH/volume_price_dislocation/any_venue,paper_long,long,70.00889944,61.29481517,61.29481517,cost_adjusted_win,yes,yes,17.66,repeat the ticket and add stop/adverse-excursion notes before any promotion
paper-16-eth-policy-expansion,initial,paper,ETH,,volume_price_dislocation,eth_eth_volume_price_dislocation_from_volume_price_dislocation_paper_long,ETH/volume_price_dislocation/any_venue,paper_long,long,70.00889944,61.29481517,61.29481517,cost_adjusted_win,yes,yes,17.66,repeat the ticket and add stop/adverse-excursion notes before any promotion
paper-26-eth-policy-expansion,initial,paper,ETH,,microstructure_flow,eth_eth_microstructure_flow_probe_from_microstructure_flow_paper_long,ETH/microstructure_flow/any_venue,paper_long,long,70.00889944,61.29481517,61.29481517,cost_adjusted_win,yes,yes,17.66,repeat the ticket and add stop/adverse-excursion notes before any promotion
paper-29-eth-policy-expansion,initial,paper,ETH,,microstructure_flow,eth_eth_microstructure_flow_probe_from_chip_microstructure_flow_paper_long,ETH/microstructure_flow/any_venue,paper_long,long,70.00889944,61.29481517,61.29481517,cost_adjusted_win,yes,yes,17.66,repeat the ticket and add stop/adverse-excursion notes before any promotion
paper-01-hype-policy-expansion,initial,paper,HYPE,,microstructure_flow,hype_hype_microstructure_flow_paper_probe_from_bera_microstructure_flow_paper_long,HYPE/microstructure_flow/any_venue,paper_long,long,23.34245389,14.86839947,14.86839947,cost_adjusted_win,yes,yes,17.66,repeat the ticket and add stop/adverse-excursion notes before any promotion
paper-03-hype-policy-expansion,initial,paper,HYPE,,volume_price_dislocation,hype_hype_volume_price_dislocation_from_sol_volume_price_dislocation_paper_long,HYPE/volume_price_dislocation/any_venue,paper_long,long,23.34245389,14.86839947,14.86839947,cost_adjusted_win,yes,yes,17.66,repeat the ticket and add stop/adverse-excursion notes before any promotion
paper-05-hype-policy-expansion,initial,paper,HYPE,,microstructure_flow,hype_hype_microstructure_flow_probe_from_bera_microstructure_flow_paper_long,HYPE/microstructure_flow/any_venue,paper_long,long,23.34245389,14.86839947,14.86839947,cost_adjusted_win,yes,yes,17.66,repeat the ticket and add stop/adverse-excursion notes before any promotion
paper-09-hype-policy-expansion,initial,paper,HYPE,,microstructure_flow,hype_hype_microstructure_flow_paper_probe_from_chip_microstructure_flow_paper_long,HYPE/microstructure_flow/any_venue,paper_long,long,23.34245389,14.86839947,14.86839947,cost_adjusted_win,yes,yes,17.66,repeat the ticket and add stop/adverse-excursion notes before any promotion
paper-06-hype-policy-expansion,initial,paper,HYPE,,microstructure_flow,hype_hype_microstructure_flow_paper_probe_from_microstructure_flow_paper_long,HYPE/microstructure_flow/any_venue,paper_long,long,23.34245389,14.86839947,14.86839947,cost_adjusted_win,yes,yes,17.66,repeat the ticket and add stop/adverse-excursion notes before any promotion
paper-14-hype-policy-expansion,initial,paper,HYPE,,volume_price_dislocation,hype_hype_volume_price_dislocation_from_volume_price_dislocation_paper_long,HYPE/volume_price_dislocation/any_venue,paper_long,long,23.34245389,14.86839947,14.86839947,cost_adjusted_win,yes,yes,17.66,repeat the ticket and add stop/adverse-excursion notes before any promotion
paper-24-hype-policy-expansion,initial,paper,HYPE,,microstructure_flow,hype_hype_microstructure_flow_probe_from_microstructure_flow_paper_long,HYPE/microstructure_flow/any_venue,paper_long,long,23.34245389,14.86839947,14.86839947,cost_adjusted_win,yes,yes,17.66,repeat the ticket and add stop/adverse-excursion notes before any promotion
paper-27-hype-policy-expansion,initial,paper,HYPE,,microstructure_flow,hype_hype_microstructure_flow_probe_from_chip_microstructure_flow_paper_long,HYPE/microstructure_flow/any_venue,paper_long,long,23.34245389,14.86839947,14.86839947,cost_adjusted_win,yes,yes,17.66,repeat the ticket and add stop/adverse-excursion notes before any promotion
paper-30-hype-policy-expansion,initial,paper,HYPE,,microstructure_flow,hype_hype_microstructure_flow_paper_probe_from_mon_microstructure_flow_paper_long,HYPE/microstructure_flow/any_venue,paper_long,long,23.34245389,14.86839947,14.86839947,cost_adjusted_win,yes,yes,17.66,repeat the ticket and add stop/adverse-excursion notes before any promotion
paper-21-chip-repeat-execution,initial,paper,CHIP,OKX,repeat_execution,chip_okx_exchange_catalyst_repeat_execution_gate,CHIP/repeat_execution/OKX,paper_long,long,365.54354736,355.81542981,355.81542981,depth_too_thin_for_probe,yes,yes,148.49,reduce candidate size or skip until depth improves
paper-10-xpl-volume-dislocation,initial,paper,XPL,HL,volume_price_dislocation,xpl_volume_price_dislocation,XPL/volume_price_dislocation/HL,paper_long,long,284.26134903,270.89453591,270.89453591,depth_too_thin_for_probe,yes,yes,149.74,reduce candidate size or skip until depth improves
paper-11-pump-volume-dislocation,initial,paper,PUMP,HL,volume_price_dislocation,pump_volume_price_dislocation,PUMP/volume_price_dislocation/HL,paper_long,long,246.67931689,226.23145799,226.23145799,depth_too_thin_for_probe,yes,yes,149.74,reduce candidate size or skip until depth improves
paper-67-crv-protocol-fee,initial,paper,CRV,,protocol_fee,crv_protocol_fee_growth,CRV/protocol_fee/any_venue,paper_long,long,81.95902049,73.95902049,73.95902049,missing_execution_context,yes,yes,319.83,refresh execution context before repeating this ticket
paper-17-event-event-probability,initial,paper,EVENT,prediction_market,unclassified,event_probability_actionability,EVENT/unclassified/prediction_market,paper_long,long,0.00000000,,0.00000000,paper_mark_flat,no,yes,148.49,keep observing until the ticket has a non-flat mark move or stronger quote evidence
paper-31-near-execution-edge,initial,paper,NEAR,,execution_edge,near_maker_or_low_fee_small_execution_edge,NEAR/execution_edge/any_venue,paper_long,long,-0.91600256,,-0.91600256,mark_loss,no,yes,92.63,keep or reject based on repeated labels and failure regime
paper-33-near-execution-edge,initial,paper,NEAR,,execution_edge,near_taker_small_execution_edge,NEAR/execution_edge/any_venue,paper_long,long,-0.91600256,,-0.91600256,mark_loss,no,yes,92.63,keep or reject based on repeated labels and failure regime
lane-near-near-maker-or-low-fee-small-execution-edge,initial,symbol_lane,NEAR,,execution_edge,near_maker_or_low_fee_small_execution_edge,NEAR/execution_edge/any_venue,paper_long,long,-0.91600256,,-0.91600256,mark_loss,no,yes,180.45,keep or reject based on repeated labels and failure regime
lane-near-near-taker-small-execution-edge,initial,symbol_lane,NEAR,,execution_edge,near_taker_small_execution_edge,NEAR/execution_edge/any_venue,paper_long,long,-0.91600256,,-0.91600256,mark_loss,no,yes,180.45,keep or reject based on repeated labels and failure regime
paper-28-mon-execution-edge,initial,paper,MON,,execution_edge,mon_maker_or_low_fee_small_execution_edge,MON/execution_edge/any_venue,paper_long,long,-30.82972164,,-30.82972164,mark_loss,no,yes,17.66,keep or reject based on repeated labels and failure regime
paper-42-btc-basis-term-structure,initial,paper,BTC,,basis_term_structure,btc-26mar27_basis,BTC/basis_term_structure/any_venue,paper_short,short,-96.97409294,,-96.97409294,mark_loss,no,yes,93.38,keep or reject based on repeated labels and failure regime
lane-btc-btc-20260619-short-dated-delta-hedge-check,initial,symbol_lane,BTC,,options_volatility,btc_20260619_short_dated_delta_hedge_check,BTC/options_volatility/any_venue,paper_short,short,-96.97409294,,-96.97409294,mark_loss,no,yes,180.45,keep or reject based on repeated labels and failure regime
lane-btc-crypto-equity-proxy-lead-short,initial,symbol_lane,BTC,,unclassified,crypto_equity_proxy_lead_short,BTC/unclassified/any_venue,paper_short,short,-96.97409294,,-96.97409294,mark_loss,no,yes,180.45,keep or reject based on repeated labels and failure regime
lane-btc-exchange-beta-lead,initial,symbol_lane,BTC,,unclassified,exchange_beta_lead,BTC/unclassified/any_venue,paper_short,short,-96.97409294,,-96.97409294,mark_loss,no,yes,180.45,keep or reject based on repeated labels and failure regime
lane-btc-btc-20260612-short-dated-delta-hedge-check,initial,symbol_lane,BTC,,options_volatility,btc_20260612_short_dated_delta_hedge_check,BTC/options_volatility/any_venue,paper_short,short,-96.97409294,,-96.97409294,mark_loss,no,yes,253.87,keep or reject based on repeated labels and failure regime
lane-btc-btc-risk-off-short-stack,initial,symbol_lane,BTC,,unclassified,btc_risk_off_short_stack,BTC/unclassified/any_venue,paper_short,short,-96.97409294,,-96.97409294,mark_loss,no,yes,280.52,keep or reject based on repeated labels and failure regime
lane-btc-btc-2466411-event-crypto-hedge,initial,symbol_lane,BTC,,event_crypto_hedge,btc_2466411_event_crypto_hedge,BTC/event_crypto_hedge/any_venue,paper_short,short,-96.97409294,,-96.97409294,mark_loss,no,yes,249.18,keep or reject based on repeated labels and failure regime
lane-near-near-sum-top-long-short-ratio-intraday-derivatives-feature,initial,symbol_lane,NEAR,,intraday_derivatives,near_sum_top_long_short_ratio_intraday_derivatives_feature,NEAR/intraday_derivatives/any_venue,paper_short,short,-157.72577118,,-157.72577118,mark_loss,no,yes,409.23,keep or reject based on repeated labels and failure regime
lane-near-near-count-long-short-ratio-intraday-derivatives-feature,initial,symbol_lane,NEAR,,intraday_derivatives,near_count_long_short_ratio_intraday_derivatives_feature,NEAR/intraday_derivatives/any_venue,paper_short,short,-157.72577118,,-157.72577118,mark_loss,no,yes,409.23,keep or reject based on repeated labels and failure regime
lane-near-near-count-top-long-short-ratio-intraday-derivatives-feature,initial,symbol_lane,NEAR,,intraday_derivatives,near_count_top_long_short_ratio_intraday_derivatives_feature,NEAR/intraday_derivatives/any_venue,paper_short,short,-157.72577118,,-157.72577118,mark_loss,no,yes,409.23,keep or reject based on repeated labels and failure regime
lane-near-near-mean-sum-top-long-short-ratio-binance-derivatives-symbol-feature,initial,symbol_lane,NEAR,,intraday_derivatives,near_mean_sum_top_long_short_ratio_binance_derivatives_symbol_feature,NEAR/intraday_derivatives/any_venue,paper_short,short,-157.72577118,,-157.72577118,mark_loss,no,yes,409.23,keep or reject based on repeated labels and failure regime
lane-eth-crypto-equity-proxy-lead-short,initial,symbol_lane,ETH,,unclassified,crypto_equity_proxy_lead_short,ETH/unclassified/any_venue,paper_short,short,-170.17196956,,-170.17196956,mark_loss,no,yes,166.27,keep or reject based on repeated labels and failure regime
lane-eth-exchange-beta-lead,initial,symbol_lane,ETH,,unclassified,exchange_beta_lead,ETH/unclassified/any_venue,paper_short,short,-170.17196956,,-170.17196956,mark_loss,no,yes,166.27,keep or reject based on repeated labels and failure regime
lane-eth-eth-20260619-short-dated-delta-hedge-check,initial,symbol_lane,ETH,,options_volatility,eth_20260619_short_dated_delta_hedge_check,ETH/options_volatility/any_venue,paper_short,short,-170.17196956,,-170.17196956,mark_loss,no,yes,253.87,keep or reject based on repeated labels and failure regime
lane-eth-eth-20260612-short-dated-delta-hedge-check,initial,symbol_lane,ETH,,options_volatility,eth_20260612_short_dated_delta_hedge_check,ETH/options_volatility/any_venue,paper_short,short,-170.17196956,,-170.17196956,mark_loss,no,yes,166.27,keep or reject based on repeated labels and failure regime
lane-eth-eth-2466411-event-crypto-hedge,initial,symbol_lane,ETH,,event_crypto_hedge,eth_2466411_event_crypto_hedge,ETH/event_crypto_hedge/any_venue,paper_short,short,-170.17196956,,-170.17196956,mark_loss,no,yes,249.18,keep or reject based on repeated labels and failure regime
lane-sol-sol-2466411-event-crypto-hedge,initial,symbol_lane,SOL,,event_crypto_hedge,sol_2466411_event_crypto_hedge,SOL/event_crypto_hedge/any_venue,paper_short,short,-188.23209757,,-188.23209757,mark_loss,no,yes,249.18,keep or reject based on repeated labels and failure regime
paper-14-arb-intraday-derivatives,initial,paper,ARB,,intraday_derivatives,arb_count_long_short_ratio_short_opposite_intraday_paper_label,ARB/intraday_derivatives/any_venue,paper_short,short,-199.87886130,,-199.87886130,mark_loss,no,yes,149.74,keep or reject based on repeated labels and failure regime
paper-15-arb-intraday-derivatives,initial,paper,ARB,,intraday_derivatives,arb_count_top_long_short_ratio_short_opposite_intraday_paper_label,ARB/intraday_derivatives/any_venue,paper_short,short,-199.87886130,,-199.87886130,mark_loss,no,yes,149.74,keep or reject based on repeated labels and failure regime
lane-sol-sol-usdt-coinup.io-(futures)-positioning,initial,symbol_lane,SOL,,unclassified,sol-usdt_coinup.io_(futures)_positioning,SOL/unclassified/any_venue,paper_short,short,-271.49183546,,-271.49183546,mark_loss,no,yes,409.23,keep or reject based on repeated labels and failure regime
lane-sol-sol-protocol-fee-actionability,initial,symbol_lane,SOL,,protocol_fee,sol_protocol_fee_actionability,SOL/protocol_fee/any_venue,paper_short,short,-271.49183546,,-271.49183546,mark_loss,no,yes,409.23,keep or reject based on repeated labels and failure regime
lane-arb-arb-count-long-short-ratio-short-opposite-intraday-paper-label,initial,symbol_lane,ARB,,intraday_derivatives,arb_count_long_short_ratio_short_opposite_intraday_paper_label,ARB/intraday_derivatives/any_venue,paper_short,short,-290.88242484,,-290.88242484,mark_loss,no,yes,409.23,keep or reject based on repeated labels and failure regime
lane-arb-arb-count-top-long-short-ratio-short-opposite-intraday-paper-label,initial,symbol_lane,ARB,,intraday_derivatives,arb_count_top_long_short_ratio_short_opposite_intraday_paper_label,ARB/intraday_derivatives/any_venue,paper_short,short,-290.88242484,,-290.88242484,mark_loss,no,yes,409.23,keep or reject based on repeated labels and failure regime
lane-arb-arb-count-long-short-ratio-repeat-intraday-derivatives-feature,initial,symbol_lane,ARB,,intraday_derivatives,arb_count_long_short_ratio_repeat_intraday_derivatives_feature,ARB/intraday_derivatives/any_venue,paper_short,short,-290.88242484,,-290.88242484,mark_loss,no,yes,409.23,keep or reject based on repeated labels and failure regime
lane-arb-arb-count-top-long-short-ratio-repeat-intraday-derivatives-feature,initial,symbol_lane,ARB,,intraday_derivatives,arb_count_top_long_short_ratio_repeat_intraday_derivatives_feature,ARB/intraday_derivatives/any_venue,paper_short,short,-290.88242484,,-290.88242484,mark_loss,no,yes,409.23,keep or reject based on repeated labels and failure regime
lane-arb-arb-sum-top-long-short-ratio-repeat-intraday-derivatives-feature,initial,symbol_lane,ARB,,intraday_derivatives,arb_sum_top_long_short_ratio_repeat_intraday_derivatives_feature,ARB/intraday_derivatives/any_venue,paper_short,short,-290.88242484,,-290.88242484,mark_loss,no,yes,409.23,keep or reject based on repeated labels and failure regime
lane-arb-arb-count-long-short-ratio-long-preferred-short-opposite-intraday-paper-label,initial,symbol_lane,ARB,,intraday_derivatives,arb_count_long_short_ratio_long_preferred_short_opposite_intraday_paper_label,ARB/intraday_derivatives/any_venue,paper_short,short,-290.88242484,,-290.88242484,mark_loss,no,yes,409.23,keep or reject based on repeated labels and failure regime
lane-arb-arb-count-long-short-ratio-intraday-derivatives-feature,initial,symbol_lane,ARB,,intraday_derivatives,arb_count_long_short_ratio_intraday_derivatives_feature,ARB/intraday_derivatives/any_venue,paper_short,short,-290.88242484,,-290.88242484,mark_loss,no,yes,409.23,keep or reject based on repeated labels and failure regime
lane-arb-arb-count-top-long-short-ratio-intraday-derivatives-feature,initial,symbol_lane,ARB,,intraday_derivatives,arb_count_top_long_short_ratio_intraday_derivatives_feature,ARB/intraday_derivatives/any_venue,paper_short,short,-290.88242484,,-290.88242484,mark_loss,no,yes,409.23,keep or reject based on repeated labels and failure regime
lane-zec-zec-crowded-momentum-reversal-actionability,initial,symbol_lane,ZEC,,unclassified,zec_crowded_momentum_reversal_actionability,ZEC/unclassified/any_venue,paper_short,short,-357.73613158,,-357.73613158,mark_loss,no,yes,280.52,keep or reject based on repeated labels and failure regime
lane-hype-hype-protocol-fee-growth,initial,symbol_lane,HYPE,,protocol_fee,hype_protocol_fee_growth,HYPE/protocol_fee/any_venue,paper_short,short,-525.11971431,,-525.11971431,mark_loss,no,yes,426.55,keep or reject based on repeated labels and failure regime
lane-hype-hype-unlock-actionability,initial,symbol_lane,HYPE,,token_unlock,hype_unlock_actionability,HYPE/token_unlock/any_venue,paper_short,short,-525.11971431,,-525.11971431,mark_loss,no,yes,426.55,keep or reject based on repeated labels and failure regime
lane-hype-hype-protocol-fee-actionability,initial,symbol_lane,HYPE,,protocol_fee,hype_protocol_fee_actionability,HYPE/protocol_fee/any_venue,paper_short,short,-525.11971431,,-525.11971431,mark_loss,no,yes,426.55,keep or reject based on repeated labels and failure regime
paper-76-hype-token-unlock,initial,paper,HYPE,,token_unlock,hype_unlock_actionability,HYPE/token_unlock/any_venue,paper_short,short,-541.20401229,,-541.20401229,mark_loss,no,yes,320.64,keep or reject based on repeated labels and failure regime
lane-hype-hype-maker-or-low-fee-small-execution-edge,initial,symbol_lane,HYPE,,execution_edge,hype_maker_or_low_fee_small_execution_edge,HYPE/execution_edge/any_venue,paper_short,short,-546.86229220,,-546.86229220,mark_loss,no,yes,181.52,keep or reject based on repeated labels and failure regime
lane-hype-public-hypertracker-example-hype-wallet-flow-actionability,initial,symbol_lane,HYPE,,wallet_entity_flow,public_hypertracker_example_hype_wallet_flow_actionability,HYPE/wallet_entity_flow/any_venue,paper_short,short,-546.86229220,,-546.86229220,mark_loss,no,yes,181.52,keep or reject based on repeated labels and failure regime
