timestamp,asset,long_venue,short_venue,annualized_spread,rough_round_trip_cost,breakeven_hold_hours,net_8h_proxy,net_24h_proxy,capacity_proxy_notional,notes
2026-06-07T12:23:56.695826+00:00,BTC,OkxSwap,HlPerp,0.12390087,0.00001776,1.2558,0.00009539,0.00032169,603873.37948000,OKX and Hyperliquid context available
2026-06-07T12:23:56.695826+00:00,ZEC,OkxSwap,HlPerp,0.36423744,0.00062293,14.9815,-0.00029029,0.00037498,107378.30480000,OKX and Hyperliquid context available
2026-06-07T12:23:56.695826+00:00,JTO,OkxSwap,HlPerp,0.79133626,0.00131041,14.5061,-0.00058773,0.00085763,54450.47135040,OKX and Hyperliquid context available
2026-06-07T12:23:56.695826+00:00,BABY,HlPerp,OkxSwap,1.44392040,0.00505301,30.6557,-0.00373437,-0.00109707,18182.16430981,OKX and Hyperliquid context available
2026-06-07T12:24:08.667857+00:00,BTC,OkxSwap,HlPerp,0.12390087,0.00009687,6.8488,0.00001628,0.00024259,453214.78910000,OKX and Hyperliquid context available
2026-06-07T12:24:08.667857+00:00,ZEC,OkxSwap,HlPerp,0.36273597,0.00051764,12.5009,-0.00018637,0.00047616,114446.31480000,OKX and Hyperliquid context available
2026-06-07T12:24:08.667857+00:00,JTO,OkxSwap,HlPerp,0.78695713,0.00174945,19.4739,-0.00103076,0.00040660,54456.36094320,OKX and Hyperliquid context available
2026-06-07T12:24:08.667857+00:00,BABY,HlPerp,OkxSwap,1.44176106,0.00498558,30.2919,-0.00366890,-0.00103554,18182.16430981,OKX and Hyperliquid context available
2026-06-07T12:24:20.481740+00:00,BTC,OkxSwap,HlPerp,0.12390087,0.00001776,1.2557,0.00009539,0.00032169,339173.49429000,OKX and Hyperliquid context available
2026-06-07T12:24:20.481740+00:00,ZEC,OkxSwap,HlPerp,0.36423744,0.00090610,21.7920,-0.00057347,0.00009181,104909.37860000,OKX and Hyperliquid context available
2026-06-07T12:24:20.481740+00:00,JTO,OkxSwap,HlPerp,0.79133626,0.00162276,17.9637,-0.00090007,0.00054529,54456.92725020,OKX and Hyperliquid context available
2026-06-07T12:24:20.481740+00:00,BABY,HlPerp,OkxSwap,1.44392040,0.00440279,26.7109,-0.00308414,-0.00044684,18182.73452837,OKX and Hyperliquid context available
2026-06-07T12:24:32.392778+00:00,BTC,OkxSwap,HlPerp,0.12395116,0.00001776,1.2553,0.00009544,0.00032183,57188.42659000,OKX and Hyperliquid context available
2026-06-07T12:24:32.392778+00:00,JTO,OkxSwap,HlPerp,0.77885423,0.00149382,16.8015,-0.00078254,0.00064002,54457.72008000,OKX and Hyperliquid context available
2026-06-07T12:24:32.392778+00:00,ZEC,OkxSwap,HlPerp,0.35725504,0.00114477,28.0702,-0.00081851,-0.00016599,95648.13140000,OKX and Hyperliquid context available
2026-06-07T12:24:32.392778+00:00,BABY,HlPerp,OkxSwap,1.43708163,0.00407790,24.8576,-0.00276550,-0.00014069,18182.73452837,OKX and Hyperliquid context available
2026-06-07T12:24:43.945923+00:00,BTC,OkxSwap,HlPerp,0.12395116,0.00001775,1.2546,0.00009545,0.00032184,492850.18773000,OKX and Hyperliquid context available
2026-06-07T12:24:43.945923+00:00,ZEC,OkxSwap,HlPerp,0.36067057,0.00069030,16.7660,-0.00036092,0.00029784,102913.21120000,OKX and Hyperliquid context available
2026-06-07T12:24:43.945923+00:00,JTO,OkxSwap,HlPerp,0.78885464,0.00136087,15.1121,-0.00064046,0.00080037,54458.41223300,OKX and Hyperliquid context available
2026-06-07T12:24:43.945923+00:00,BABY,HlPerp,OkxSwap,1.43271301,0.00484924,29.6496,-0.00354083,-0.00092400,18182.73452837,OKX and Hyperliquid context available
2026-06-07T12:24:55.900627+00:00,BTC,OkxSwap,HlPerp,0.12395116,0.00023887,16.8819,-0.00012568,0.00010072,583415.94873000,OKX and Hyperliquid context available
2026-06-07T12:24:55.900627+00:00,ZEC,OkxSwap,HlPerp,0.35725504,0.00052091,12.7729,-0.00019465,0.00045787,103237.29800000,OKX and Hyperliquid context available
2026-06-07T12:24:55.900627+00:00,JTO,OkxSwap,HlPerp,0.77885423,0.00143658,16.1577,-0.00072530,0.00069726,54459.26798580,OKX and Hyperliquid context available
2026-06-07T12:24:55.900627+00:00,BABY,HlPerp,OkxSwap,1.43708163,0.00543100,33.1057,-0.00411860,-0.00149379,18182.73452837,OKX and Hyperliquid context available
2026-06-07T12:25:07.745276+00:00,BTC,OkxSwap,HlPerp,0.12395116,0.00001775,1.2547,0.00009544,0.00032184,652391.88161000,OKX and Hyperliquid context available
2026-06-07T12:25:07.745276+00:00,JTO,OkxSwap,HlPerp,0.75070747,0.00085776,10.0092,-0.00017218,0.00119897,54485.18596950,OKX and Hyperliquid context available
2026-06-07T12:25:07.745276+00:00,ZEC,OkxSwap,HlPerp,0.36293503,0.00051126,12.3400,-0.00017981,0.00048308,113725.89210000,OKX and Hyperliquid context available
2026-06-07T12:25:07.745276+00:00,BABY,HlPerp,OkxSwap,1.44300076,0.00471766,28.6394,-0.00339985,-0.00076423,18182.73452837,OKX and Hyperliquid context available
2026-06-07T12:25:19.854314+00:00,BTC,OkxSwap,HlPerp,0.12395116,0.00001775,1.2547,0.00009544,0.00032184,342292.66488000,OKX and Hyperliquid context available
2026-06-07T12:25:19.854314+00:00,ZEC,OkxSwap,HlPerp,0.36062764,0.00039109,9.5000,-0.00006175,0.00059693,114235.86490000,OKX and Hyperliquid context available
2026-06-07T12:25:19.854314+00:00,JTO,OkxSwap,HlPerp,0.73850304,0.00138593,16.4397,-0.00071150,0.00063736,54612.35964480,OKX and Hyperliquid context available
2026-06-07T12:25:19.854314+00:00,BABY,HlPerp,OkxSwap,1.43674349,0.00511235,31.1706,-0.00380026,-0.00117607,18182.73452837,OKX and Hyperliquid context available
2026-06-07T12:25:31.752123+00:00,BTC,OkxSwap,HlPerp,0.12413457,0.00001776,1.2531,0.00009561,0.00032234,417330.86728000,OKX and Hyperliquid context available
2026-06-07T12:25:31.752123+00:00,JTO,OkxSwap,HlPerp,0.74554054,0.00097074,11.4061,-0.00028988,0.00107184,54654.58097780,OKX and Hyperliquid context available
2026-06-07T12:25:31.752123+00:00,ZEC,OkxSwap,HlPerp,0.36382409,0.00066543,16.0218,-0.00033317,0.00033135,93885.81610000,OKX and Hyperliquid context available
2026-06-07T12:25:31.752123+00:00,BABY,HlPerp,OkxSwap,1.44297769,0.00537012,32.6008,-0.00405234,-0.00141676,18182.73452837,OKX and Hyperliquid context available
2026-06-07T12:25:43.390288+00:00,BTC,OkxSwap,HlPerp,0.12413457,0.00010010,7.0637,0.00001327,0.00024000,166371.02563000,OKX and Hyperliquid context available
2026-06-07T12:25:43.390288+00:00,ZEC,OkxSwap,HlPerp,0.36049354,0.00048175,11.7065,-0.00015253,0.00050590,85525.80690000,OKX and Hyperliquid context available
2026-06-07T12:25:43.390288+00:00,JTO,OkxSwap,HlPerp,0.72928724,0.00157991,18.9774,-0.00091389,0.00041814,54666.69365530,OKX and Hyperliquid context available
2026-06-07T12:25:43.390288+00:00,BABY,HlPerp,OkxSwap,1.43199966,0.00537012,32.8508,-0.00406236,-0.00144684,18182.73452837,OKX and Hyperliquid context available
2026-06-07T12:25:55.595496+00:00,BTC,OkxSwap,HlPerp,0.12413457,0.00009686,6.8350,0.00001651,0.00024324,544454.12204000,OKX and Hyperliquid context available
2026-06-07T12:25:55.595496+00:00,ZEC,OkxSwap,HlPerp,0.36049354,0.00079186,19.2421,-0.00046264,0.00019580,117366.20740000,OKX and Hyperliquid context available
2026-06-07T12:25:55.595496+00:00,JTO,OkxSwap,HlPerp,0.72928724,0.00148551,17.8435,-0.00081949,0.00051254,54666.69365530,OKX and Hyperliquid context available
2026-06-07T12:25:55.595496+00:00,BABY,HlPerp,OkxSwap,1.43199966,0.00601747,36.8108,-0.00470971,-0.00209418,18182.73452837,wide Hyperliquid impact spread
2026-06-07T12:26:07.529631+00:00,ZEC,OkxSwap,HlPerp,0.35548633,0.00043162,10.6361,-0.00010697,0.00054232,121248.44150000,OKX and Hyperliquid context available
2026-06-07T12:26:07.529631+00:00,BTC,OkxSwap,HlPerp,0.12413457,0.00029851,21.0656,-0.00018515,0.00004158,416828.91528000,OKX and Hyperliquid context available
2026-06-07T12:26:07.529631+00:00,JTO,OkxSwap,HlPerp,0.69849321,0.00153911,19.3024,-0.00090122,0.00037457,54698.13627840,OKX and Hyperliquid context available
2026-06-07T12:26:07.529631+00:00,BABY,HlPerp,OkxSwap,1.39244826,0.00601670,37.8516,-0.00474506,-0.00220178,18182.73452837,wide Hyperliquid impact spread
